name,state,nist:state_fips,nist:fips_code,total
Conecuh County,AL,NA,NA,0
Escambia County,AL,NA,NA,2
Greene County,AL,NA,NA,0
Marengo County,AL,NA,NA,2
Mobile County,AL,NA,NA,7
Monroe County,AL,NA,NA,0
Perry County,AL,NA,NA,0
Sumter County,AL,NA,NA,0
Tuscaloosa County,AL,NA,NA,57
Baldwin County,AL,NA,NA,28
Clarke County,AL,NA,NA,14
Washington County,AL,NA,NA,1
Choctaw County,AL,NA,NA,0
Dallas County,AL,NA,NA,0
Wilcox County,AL,NA,NA,0
Pickens County,AL,NA,NA,0
Bibb County,AL,NA,NA,5
Hale County,AL,NA,NA,1
Jefferson County,AL,NA,NA,417
Lamar County,AL,NA,NA,0
Lauderdale County,AL,NA,NA,11
Lawrence County,AL,NA,NA,2
Limestone County,AL,NA,NA,14
Marion County,AL,NA,NA,2
Winston County,AL,NA,NA,2
Fayette County,AL,NA,NA,0
Walker County,AL,NA,NA,11
Colbert County,AL,NA,NA,11
Franklin County,AL,NA,NA,2
Crenshaw County,AL,NA,NA,4
Houston County,AL,NA,NA,34
Montgomery County,AL,NA,NA,106
Chambers County,AL,NA,NA,0
Lee County,AL,NA,NA,72
Randolph County,AL,NA,NA,0
Russell County,AL,NA,NA,24
Talladega County,AL,NA,NA,13
Covington County,AL,NA,NA,9
Geneva County,AL,NA,NA,1
Coffee County,AL,NA,NA,15
Dale County,AL,NA,NA,4
Henry County,AL,NA,NA,0
Autauga County,AL,NA,NA,12
Butler County,AL,NA,NA,2
Lowndes County,AL,NA,NA,0
Barbour County,AL,NA,NA,2
Bullock County,AL,NA,NA,0
Macon County,AL,NA,NA,5
Pike County,AL,NA,NA,16
Chilton County,AL,NA,NA,5
Elmore County,AL,NA,NA,21
Coosa County,AL,NA,NA,1
Shelby County,AL,NA,NA,166
Clay County,AL,NA,NA,0
Tallapoosa County,AL,NA,01123,2
Blount County,AL,NA,NA,36
St. Clair County,AL,NA,NA,56
Cullman County,AL,NA,NA,24
Madison County,AL,NA,NA,108
Cherokee County,AL,NA,NA,9
Jackson County,AL,NA,NA,3
Etowah County,AL,NA,NA,46
Calhoun County,AL,NA,NA,37
Cleburne County,AL,NA,NA,2
Marshall County,AL,NA,NA,38
Morgan County,AL,NA,NA,47
DeKalb County,AL,NA,NA,8
Aleutians West Census Area,AK,02,02016,0
Unorganized Borough,AK,NA,NA,0
Bethel Census Area,AK,02,02050,0
North Slope Borough,AK,02,02185,0
Northwest Arctic Borough,AK,02,02188,0
Aleutians East Borough,AK,02,02013,0
Dillingham Census Area,AK,02,02070,0
Nome,AK,02,02180,0
Kusilvak Census Area,AK,02,02158,0
Inuvialuit Settlement Region,AK,NA,NA,0
Kodiak Island Borough,AK,02,02150,0
Lake and Peninsula Borough,AK,02,02164,0
Stikine Region,AK,NA,NA,0
Petersburg Borough,AK,02,02195,0
Sitka,AK,02,02220,0
Bristol Bay Borough,AK,02,02060,0
Denali Borough,AK,02,02068,0
Fairbanks North Star Borough,AK,02,02090,0
Matanuska-Susitna Borough,AK,02,02170,0
Copper River,AK,02,02066,0
Kenai Peninsula Borough,AK,02,02122,0
Yukon-Koyukuk,AK,02,02290,0
Chugach,AK,02,02063,0
Anchorage,AK,02,02020,0
Hoonah-Angoon,AK,02,02105,0
Southeast Fairbanks,AK,02,02240,0
Yakutat,AK,02,02282,0
Haines Borough,AK,02,02100,0
Juneau,AK,02,02110,0
Skagway,AK,02,02230,0
North Coast Regional District,AK,NA,NA,0
Wrangell,AK,02,02275,0
Ketchikan Gateway Borough,AK,02,02130,0
Prince of Wales-Hyder,AK,02,02198,0
Apache County,AZ,4,4001,4
Maricopa County,AZ,4,4013,804
La Paz County,AZ,4,4012,10
Yuma County,AZ,4,4027,40
Mohave County,AZ,4,4015,24
Gila County,AZ,4,4007,23
Pima County,AZ,4,4019,213
Pinal County,AZ,4,4021,293
Santa Cruz County,AZ,4,4023,8
Cochise County,AZ,4,4003,64
Graham County,AZ,4,4009,32
Greenlee County,AZ,4,4011,0
Coconino County,AZ,4,4005,64
Navajo County,AZ,4,4017,14
Yavapai County,AZ,4,4025,90
Miller County,AR,5,5091,5
Polk County,AR,05,05113,0
Crawford County,AR,5,5033,12
Franklin County,AR,5,5047,2
Logan County,AR,5,5083,0
Madison County,AR,5,5087,0
Scott County,AR,5,5127,0
Hempstead County,AR,5,5057,0
Howard County,AR,5,5061,0
Little River County,AR,5,5081,0
Sevier County,AR,5,5133,0
Sebastian County,AR,5,5131,21
Benton County,AR,5,5007,34
Washington County,AR,5,5143,12
Ashley County,AR,5,5003,0
Columbia County,AR,5,5027,0
Chicot County,AR,5,5017,0
Lafayette County,AR,5,5073,0
Union County,AR,5,5139,13
Nevada County,AR,5,5099,0
Independence County,AR,5,5063,0
Jackson County,AR,5,5067,0
Lee County,AR,5,5077,0
Monroe County,AR,5,5095,0
Newton County,AR,5,5101,0
Poinsett County,AR,5,5111,7
Stone County,AR,5,5137,0
Van Buren County,AR,5,5141,0
Arkansas County,AR,5,5001,0
Lonoke County,AR,5,5085,13
Pope County,AR,5,5115,0
Yell County,AR,5,5149,0
Perry County,AR,5,5105,0
Pulaski County,AR,5,5119,123
Clark County,AR,5,5019,0
Hot Spring County,AR,5,5059,4
Lincoln County,AR,5,5079,0
Ouachita County,AR,5,5103,0
Pike County,AR,5,5109,0
Desha County,AR,5,5041,0
Cleveland County,AR,5,5025,0
Dallas County,AR,5,5039,3
Bradley County,AR,5,5011,3
Calhoun County,AR,5,5013,0
Garland County,AR,5,5051,4
Montgomery County,AR,5,5097,0
Grant County,AR,5,5053,16
Saline County,AR,5,5125,30
Drew County,AR,5,5043,0
Prairie County,AR,5,5117,1
Jefferson County,AR,5,5069,0
Phillips County,AR,5,5107,0
Johnson County,AR,5,5071,1
Conway County,AR,5,5029,1
Faulkner County,AR,5,5045,8
Boone County,AR,5,5009,6
Carroll County,AR,5,5015,0
Baxter County,AR,5,5005,0
Marion County,AR,5,5089,0
Searcy County,AR,5,5129,0
White County,AR,5,5145,13
Woodruff County,AR,5,5147,0
Cleburne County,AR,5,5023,4
Cross County,AR,5,5037,9
St. Francis County,AR,5,5123,0
Fulton County,AR,5,5049,0
Izard County,AR,5,5065,0
Sharp County,AR,5,5135,0
Clay County,AR,5,5021,0
Craighead County,AR,5,5031,15
Greene County,AR,5,5055,1
Lawrence County,AR,5,5075,0
Randolph County,AR,5,5121,9
Crittenden County,AR,5,5035,3
Mississippi County,AR,5,5093,0
Monterey County,CA,6,6053,239
Fresno County,CA,6,6019,141
San Luis Obispo County,CA,6,6079,59
San Benito County,CA,6,6069,19
Napa County,CA,6,6055,35
Nevada County,CA,6,6057,76
Sonoma County,CA,6,6097,244
Lassen County,CA,6,6035,3
Calaveras County,CA,6,6009,0
Sierra County,CA,6,6091,0
Yuba County,CA,6,6115,20
Colusa County,CA,6,6011,8
Plumas County,CA,6,6063,0
Sutter County,CA,6,6101,17
El Dorado County,CA,6,6017,70
Tehama County,CA,6,6103,5
Mendocino County,CA,6,6045,30
Amador County,CA,6,6005,4
Glenn County,CA,6,6021,0
Santa Clara County,CA,6,6085,948
Merced County,CA,6,6047,41
Butte County,CA,6,6007,37
Placer County,CA,6,6061,199
Stanislaus County,CA,6,6099,87
San Mateo County,CA,NA,06081,475
San Francisco,CA,6,6075,384
Marin County,CA,6,6041,65
Santa Cruz County,CA,6,6087,48
Sacramento County,CA,6,6067,473
Contra Costa County,CA,6,6013,268
Alameda County,CA,6,6001,932
Solano County,CA,6,6095,168
San Joaquin County,CA,6,6077,174
Lake County,CA,6,6033,62
Yolo County,CA,6,6113,91
Humboldt County,CA,6,6023,11
Del Norte County,CA,6,6015,10
Siskiyou County,CA,6,6093,0
Trinity County,CA,6,6105,0
Modoc County,CA,6,6049,3
Shasta County,CA,6,6089,52
Los Angeles County,CA,6,6037,1845
San Diego County,CA,6,6073,977
Riverside County,CA,6,6065,1252
San Bernardino County,CA,6,6071,803
Imperial County,CA,6,6025,79
Municipio de Mexicali,CA,NA,NA,0
Tulare County,CA,6,6107,39
Kings County,CA,6,6031,31
Inyo County,CA,6,6027,5
Kern County,CA,06,06029,164
Ventura County,CA,6,6111,158
Santa Barbara County,CA,6,6083,102
Orange County,CA,6,6059,920
Mariposa County,CA,6,6043,0
Tuolumne County,CA,6,6109,1
Mono County,CA,6,6051,4
Madera County,CA,6,6039,31
Alpine County,CA,6,6003,0
La Plata County,CO,08,08067,21
Montezuma County,CO,08,08083,3
Gunnison County,CO,08,08051,3
Pitkin County,CO,08,08097,0
Montrose County,CO,08,08085,20
Archuleta County,CO,08,08007,4
Rio Blanco County,CO,08,08103,3
Garfield County,CO,08,08045,24
Mesa County,CO,08,08077,30
Delta County,CO,08,08029,5
Dolores County,CO,08,08033,0
San Miguel County,CO,08,08113,5
San Juan County,CO,08,08111,0
Hinsdale County,CO,08,08053,0
Ouray County,CO,08,08091,0
Routt County,CO,08,08107,7
Moffat County,CO,08,08081,4
Las Animas County,CO,08,08071,0
Chaffee County,CO,08,08015,7
Park County,CO,08,08093,0
Saguache County,CO,08,08109,0
Huerfano County,CO,08,08055,0
Elbert County,CO,08,08039,5
Crowley County,CO,08,08025,0
Pueblo County,CO,08,08101,43
Lincoln County,CO,08,08073,0
El Paso County,CO,08,08041,159
Conejos County,CO,08,08021,0
Otero County,CO,8,8089,1
Adams County,CO,08,08001,130
Custer County,CO,08,08027,2
Fremont County,CO,08,08043,5
Arapahoe County,CO,08,08005,270
Eagle County,CO,08,08037,4
Grand County,CO,08,08049,13
Costilla County,CO,08,08023,2
Mineral County,CO,08,08079,0
Rio Grande County,CO,08,08105,0
Alamosa County,CO,08,08003,0
Lake County,CO,08,08065,0
Summit County,CO,08,08117,23
Clear Creek County,CO,08,08019,5
Gilpin County,CO,08,08047,0
James Peak Protection Area,CO,NA,NA,0
Teller County,CO,08,08119,0
Jefferson County,CO,08,08059,183
Douglas County,CO,08,08035,175
Denver,CO,08,08031,182
Golden Gate Canyon State Park,CO,NA,NA,0
Prowers County,CO,08,08099,1
Baca County,CO,08,08009,0
Kiowa County,CO,08,08061,0
Washington County,CO,08,08121,0
Cheyenne County,CO,08,08017,0
Yuma County,CO,08,08125,0
Bent County,CO,08,08011,0
Kit Carson County,CO,08,08063,0
Jackson County,CO,08,08057,2
Larimer County,CO,08,08069,135
Weld County,CO,08,08123,133
Boulder County,CO,08,08013,147
Broomfield,CO,08,08014,56
Morgan County,CO,08,08087,0
Phillips County,CO,08,08095,0
Logan County,CO,08,08075,0
Sedgwick County,CO,08,08115,0
South Central Connecticut Planning Region,CT,09,09170,170
Greater Bridgeport Planning Region,CT,09,09120,35
Western Connecticut Planning Region,CT,09,09190,78
Northwest Hills Planning Region,CT,09,09160,3
Naugatuck Valley Planning Region,CT,09,09140,37
Lower Connecticut River Valley Planning Region,CT,09,09130,13
Southeastern Connecticut Planning Region,CT,09,09180,80
Northeastern Connecticut Planning Region,CT,09,09150,6
Capitol Planning Region,CT,09,09110,196
Kent County,DE,10,10001,45
Sussex County,DE,10,10005,37
New Castle County,DE,10,10003,82
Miami-Dade County,FL,12,12086,262
Collier County,FL,12,12021,77
Broward County,FL,12,12011,544
Lee County,FL,12,12071,161
Hendry County,FL,12,12051,33
Monroe County,FL,12,12087,7
Palm Beach County,FL,12,12099,157
Gulf County,FL,12,12045,11
Taylor County,FL,12,12123,6
Franklin County,FL,12,12037,5
Brevard County,FL,12,12009,131
Volusia County,FL,12,12127,240
Saint Johns County,FL,12,12109,191
Manatee County,FL,12,12081,82
DeSoto County,FL,12,12027,16
Saint Lucie County,FL,12,12111,73
Hillsborough County,FL,12,12057,216
Highlands County,FL,12,12055,10
Dixie County,FL,12,12029,3
Bradford County,FL,12,12007,15
Clay County,FL,12,12019,119
Levy County,FL,12,12075,0
Charlotte County,FL,12,12015,60
Sarasota County,FL,12,12115,178
Pinellas County,FL,12,12103,161
Glades County,FL,12,12043,2
Martin County,FL,12,12085,15
Okeechobee County,FL,12,12093,2
Osceola County,FL,12,12097,60
Hardee County,FL,12,12049,13
Polk County,FL,12,12105,222
Indian River County,FL,12,12061,83
Hernando County,FL,12,12053,38
Pasco County,FL,12,12101,73
Citrus County,FL,12,12017,5
Sumter County,FL,12,12119,6
Marion County,FL,12,12083,12
Alachua County,FL,12,12001,124
Gilchrist County,FL,12,12041,12
Orange County,FL,12,12095,228
Seminole County,FL,12,12117,164
Lake County,FL,12,12069,47
Putnam County,FL,12,12107,23
Flagler County,FL,12,12035,13
Santa Rosa County,FL,12,12113,30
Escambia County,FL,12,12033,33
Jackson County,FL,12,12063,4
Okaloosa County,FL,12,12091,108
Gadsden County,FL,12,12039,14
Wakulla County,FL,12,12129,43
Bay County,FL,12,12005,123
Walton County,FL,12,12131,92
Washington County,FL,12,12133,8
Holmes County,FL,12,12059,3
Liberty County,FL,12,12077,4
Calhoun County,FL,12,12013,4
Jefferson County,FL,12,12065,35
Leon County,FL,12,12073,146
Madison County,FL,12,12079,1
Lafayette County,FL,12,12067,2
Hamilton County,FL,12,12047,3
Nassau County,FL,12,12089,48
Suwannee County,FL,12,12121,15
Columbia County,FL,12,12023,33
Baker County,FL,12,12003,5
Union County,FL,12,12125,9
Duval County,FL,12,12031,120
Randolph County,GA,13,13243,0
Chattahoochee County,GA,13,13053,0
Decatur County,GA,13,13087,9
Calhoun County,GA,13,13037,0
Early County,GA,13,13099,0
Miller County,GA,13,13201,0
Seminole County,GA,13,13253,24
Baker County,GA,13,13007,1
Thomas County,GA,13,13275,35
Colquitt County,GA,13,13071,12
Dougherty County,GA,13,13095,16
Grady County,GA,13,13131,2
Mitchell County,GA,13,13205,2
Worth County,GA,13,13321,4
Clay County,GA,13,13061,0
Stewart County,GA,13,13259,0
Quitman County,GA,13,13239,0
Marion County,GA,13,13197,0
Crisp County,GA,13,13081,1
Lee County,GA,13,13177,19
Macon County,GA,13,13193,16
Sumter County,GA,13,13261,6
Dooly County,GA,13,13093,0
Schley County,GA,13,13249,2
Webster County,GA,13,13307,0
Terrell County,GA,13,13273,1
Meriwether County,GA,13,13199,7
Harris County,GA,13,13145,12
Heard County,GA,13,13149,2
Muscogee County,GA,13,13215,156
Troup County,GA,13,13285,61
Crawford County,GA,13,13079,0
Monroe County,GA,13,13207,7
Bibb County,GA,13,13021,79
Lamar County,GA,13,13171,2
Pike County,GA,13,13231,2
Upson County,GA,13,13293,5
Talbot County,GA,13,13263,0
Taylor County,GA,13,13269,2
Peach County,GA,13,13225,7
Brooks County,GA,13,13027,1
Lowndes County,GA,13,13185,16
Charlton County,GA,13,13049,0
Ware County,GA,13,13299,2
Appling County,GA,13,13001,0
Bleckley County,GA,13,13023,4
Glynn County,GA,13,13127,30
Bulloch County,GA,13,13031,28
Brantley County,GA,13,13025,1
Candler County,GA,13,13043,1
Irwin County,GA,13,13155,13
Emanuel County,GA,13,13107,2
Echols County,GA,13,13101,0
McIntosh County,GA,13,13191,4
Tattnall County,GA,13,13267,3
Washington County,GA,13,13303,0
Treutlen County,GA,13,13283,2
Clinch County,GA,13,13065,0
Atkinson County,GA,13,13003,0
Berrien County,GA,13,13019,0
Lanier County,GA,13,13173,0
Cook County,GA,13,13075,3
Coffee County,GA,13,13069,2
Tift County,GA,13,13277,14
Bacon County,GA,13,13005,0
Pierce County,GA,13,13229,3
Camden County,GA,13,13039,3
Wayne County,GA,13,13305,7
Ben Hill County,GA,13,13017,5
Laurens County,GA,13,13175,18
Wilcox County,GA,13,13315,1
Telfair County,GA,13,13271,0
Dodge County,GA,13,13091,6
Pulaski County,GA,13,13235,1
Turner County,GA,13,13287,2
Houston County,GA,13,13153,79
Jeff Davis County,GA,13,13161,1
Montgomery County,GA,13,13209,3
Wheeler County,GA,13,13309,0
Toombs County,GA,13,13279,30
Baldwin County,GA,13,13009,11
Twiggs County,GA,13,13289,0
Wilkinson County,GA,13,13319,2
Jasper County,GA,13,13159,10
Jones County,GA,13,13169,19
Hancock County,GA,13,13141,1
Burke County,GA,13,13033,2
Johnson County,GA,13,13167,0
Jefferson County,GA,13,13163,2
Glascock County,GA,13,13125,0
Effingham County,GA,13,13103,34
Chatham County,GA,13,13051,142
Bryan County,GA,13,13029,12
Evans County,GA,13,13109,0
Long County,GA,13,13183,8
Liberty County,GA,13,13179,19
Screven County,GA,13,13251,4
Jenkins County,GA,13,13165,0
Bartow County,GA,13,13015,67
Polk County,GA,13,13233,8
Dade County,GA,13,13083,1
Fulton County,GA,13,13121,653
Cobb County,GA,13,13067,520
Paulding County,GA,13,13223,36
Haralson County,GA,13,13143,9
Carroll County,GA,13,13045,61
Coweta County,GA,13,13077,66
Douglas County,GA,13,13097,62
DeKalb County,GA,13,13089,353
Gwinnett County,GA,13,13135,496
Clayton County,GA,13,13063,98
Henry County,GA,13,13151,89
Rockdale County,GA,13,13247,21
Newton County,GA,13,13217,48
Walton County,GA,13,13297,57
Spalding County,GA,13,13255,29
Butts County,GA,13,13035,28
Fayette County,GA,13,13113,70
Murray County,GA,13,13213,17
Whitfield County,GA,13,13313,14
Catoosa County,GA,13,13047,5
Walker County,GA,13,13295,7
Gordon County,GA,13,13129,7
Chattooga County,GA,13,13055,4
Floyd County,GA,13,13115,44
Towns County,GA,13,13281,4
Union County,GA,13,13291,5
Fannin County,GA,13,13111,6
Pickens County,GA,13,13227,24
Cherokee County,GA,13,13057,141
Forsyth County,GA,13,13117,93
Dawson County,GA,13,13085,11
Hall County,GA,13,13139,94
Gilmer County,GA,13,13123,7
Lumpkin County,GA,13,13187,11
Morgan County,GA,13,13211,18
Barrow County,GA,13,13013,47
Jackson County,GA,13,13157,44
Oconee County,GA,13,13219,16
Clarke County,GA,13,13059,74
Putnam County,GA,13,13237,8
Greene County,GA,13,13133,0
Elbert County,GA,13,13105,2
Oglethorpe County,GA,13,13221,7
Richmond County,GA,13,13245,85
Columbia County,GA,13,13073,73
Lincoln County,GA,13,13181,0
Taliaferro County,GA,13,13265,0
McDuffie County,GA,13,13189,11
Warren County,GA,13,13301,0
Wilkes County,GA,13,13317,10
Hart County,GA,13,13147,5
Franklin County,GA,13,13119,20
Habersham County,GA,13,13137,7
Rabun County,GA,13,13241,3
Banks County,GA,13,13011,8
Madison County,GA,13,13195,2
White County,GA,13,13311,4
Stephens County,GA,13,13257,8
Honolulu County,HI,NA,15003,7
Hawaiʻi County,HI,15,15001,1
Kauaʻi County,HI,15,15007,1
Maui County,HI,NA,15009,35
Kalawao County,HI,NA,15005,0
Blaine County,ID,16,16013,4
Ada County,ID,16,16001,16
Camas County,ID,16,16025,0
Cassia County,ID,16,16031,0
Elmore County,ID,16,16039,0
Lincoln County,ID,16,16063,2
Owyhee County,ID,16,16073,0
Twin Falls County,ID,16,16083,35
Gooding County,ID,16,16047,0
Jerome County,ID,16,16053,5
Bonneville County,ID,16,16019,14
Bear Lake County,ID,16,16007,0
Bannock County,ID,16,16005,26
Bingham County,ID,16,16011,0
Power County,ID,16,16077,1
Oneida County,ID,16,16071,0
Minidoka County,ID,16,16067,0
Franklin County,ID,16,16041,0
Caribou County,ID,16,16029,0
Adams County,ID,16,16003,0
Canyon County,ID,16,16027,49
Clearwater County,ID,16,16035,0
Boise County,ID,16,16015,0
Custer County,ID,16,16037,0
Gem County,ID,16,16045,0
Idaho County,ID,16,16049,0
Latah County,ID,16,16057,0
Lemhi County,ID,16,16059,0
Lewis County,ID,16,16061,0
Payette County,ID,16,16075,0
Valley County,ID,16,16085,0
Washington County,ID,16,16087,0
Nez Perce County,ID,16,16069,5
Boundary County,ID,16,16021,0
Bonner County,ID,16,16017,0
Kootenai County,ID,16,16055,4
Shoshone County,ID,16,16079,0
Benewah County,ID,16,16009,0
Fremont County,ID,16,16043,0
Butte County,ID,16,16023,0
Clark County,ID,16,16033,0
Jefferson County,ID,16,16051,0
Madison County,ID,16,16065,0
Teton County,ID,16,16081,0
Morgan County,IL,17,17137,3
Adams County,IL,17,17001,32
Brown County,IL,17,17009,0
Greene County,IL,17,17061,2
Jersey County,IL,17,17083,0
Calhoun County,IL,17,17013,0
Scott County,IL,17,17171,0
Pike County,IL,17,17149,14
Macon County,IL,17,17115,99
Sangamon County,IL,17,17167,140
Shelby County,IL,17,17173,4
Macoupin County,IL,17,17117,2
Johnson County,IL,17,17087,4
Massac County,IL,17,17127,8
Monroe County,IL,17,17133,11
Perry County,IL,17,17145,0
Randolph County,IL,17,17157,0
White County,IL,17,17193,0
Douglas County,IL,17,17041,5
Edgar County,IL,17,17045,10
Effingham County,IL,17,17049,19
Fayette County,IL,17,17051,6
Jasper County,IL,17,17079,3
Jefferson County,IL,17,17081,3
Piatt County,IL,17,17147,10
Richland County,IL,17,17159,2
Crawford County,IL,17,17033,6
Alexander County,IL,17,17003,0
Pulaski County,IL,17,17153,0
Union County,IL,17,17181,3
Jackson County,IL,17,17077,23
Williamson County,IL,17,17199,49
Franklin County,IL,17,17055,11
Pope County,IL,17,17151,0
Gallatin County,IL,17,17059,0
Hamilton County,IL,17,17065,0
Hardin County,IL,17,17069,0
Saline County,IL,17,17165,10
Madison County,IL,17,17119,50
Saint Clair County,IL,17,17163,49
Montgomery County,IL,17,17135,0
Clinton County,IL,17,17027,11
Washington County,IL,17,17189,0
Bond County,IL,17,17005,1
Marion County,IL,17,17121,4
Christian County,IL,17,17021,8
Clay County,IL,17,17025,0
Edwards County,IL,17,17047,0
Wayne County,IL,17,17191,0
Lawrence County,IL,17,17101,3
Wabash County,IL,17,17185,0
Moultrie County,IL,17,17139,1
Coles County,IL,17,17029,19
Cumberland County,IL,17,17035,1
Clark County,IL,17,17023,5
Rock Island County,IL,17,17161,63
Jo Daviess County,IL,17,17085,0
McDonough County,IL,17,17109,2
Hancock County,IL,17,17067,0
Henderson County,IL,17,17071,0
Schuyler County,IL,17,17169,0
Warren County,IL,17,17187,0
Mercer County,IL,17,17131,0
Cass County,IL,17,17017,3
Mason County,IL,17,17125,0
Menard County,IL,17,17129,2
Cook County,IL,17,17031,1458
Lake County,IL,17,17097,303
Iroquois County,IL,17,17075,13
Livingston County,IL,17,17105,5
Woodford County,IL,17,17203,12
Tazewell County,IL,17,17179,80
Bureau County,IL,17,17011,14
Fulton County,IL,17,17057,5
Henry County,IL,17,17073,9
Peoria County,IL,17,17143,66
Champaign County,IL,17,17019,115
McLean County,IL,17,17113,100
Logan County,IL,17,17107,0
DeWitt County,IL,17,17039,3
Knox County,IL,17,17095,15
Stark County,IL,17,17175,0
Marshall County,IL,17,17123,6
Putnam County,IL,17,17155,7
LaSalle County,IL,17,17099,43
Ford County,IL,17,17053,7
Vermilion County,IL,17,17183,23
Will County,IL,17,17197,243
Kankakee County,IL,17,17091,51
Grundy County,IL,17,17063,24
Kendall County,IL,17,17093,19
Whiteside County,IL,17,17195,15
Carroll County,IL,17,17015,0
Stephenson County,IL,17,17177,9
Lee County,IL,17,17103,1
Ogle County,IL,17,17141,28
Boone County,IL,17,17007,12
Winnebago County,IL,17,17201,238
DeKalb County,IL,17,17037,47
Kane County,IL,17,17089,110
McHenry County,IL,17,17111,86
DuPage County,IL,17,17043,518
Sullivan County,IN,18,18153,15
Parke County,IN,18,18121,4
Posey County,IN,18,18129,4
Gibson County,IN,18,18051,2
Spencer County,IN,18,18147,12
Vanderburgh County,IN,18,18163,73
Warrick County,IN,18,18173,14
Daviess County,IN,18,18027,0
Pike County,IN,18,18125,0
Knox County,IN,18,18083,15
Vermillion County,IN,18,18165,3
Vigo County,IN,18,18167,42
Lake County,IN,18,18089,79
Benton County,IN,18,18007,0
Fountain County,IN,18,18045,0
Warren County,IN,18,18171,4
Newton County,IN,18,18111,6
Jasper County,IN,18,18073,3
Greene County,IN,18,18055,19
Monroe County,IN,18,18105,32
Crawford County,IN,18,18025,0
Floyd County,IN,18,18043,17
Perry County,IN,18,18123,2
Harrison County,IN,18,18061,6
Martin County,IN,18,18101,0
Lawrence County,IN,18,18093,12
Orange County,IN,18,18117,3
Dubois County,IN,18,18037,27
Jackson County,IN,18,18071,19
Jennings County,IN,18,18079,4
Washington County,IN,18,18175,1
Scott County,IN,18,18143,2
Clark County,IN,18,18019,69
Jefferson County,IN,18,18077,4
Owen County,IN,18,18119,2
Clay County,IN,18,18021,1
Putnam County,IN,18,18133,9
Morgan County,IN,18,18109,17
Hendricks County,IN,18,18063,61
Brown County,IN,18,18013,5
Bartholomew County,IN,18,18005,16
Decatur County,IN,18,18031,8
Shelby County,IN,18,18145,23
Johnson County,IN,18,18081,84
Hancock County,IN,18,18059,59
Henry County,IN,18,18065,17
Marion County,IN,18,18097,386
Rush County,IN,18,18139,4
Dearborn County,IN,18,18029,35
Ripley County,IN,18,18137,1
Ohio County,IN,18,18115,0
Switzerland County,IN,18,18155,0
Fayette County,IN,18,18041,2
Wayne County,IN,18,18177,10
Franklin County,IN,18,18047,0
Union County,IN,18,18161,1
Carroll County,IN,18,18015,4
Montgomery County,IN,18,18107,11
Tippecanoe County,IN,18,18157,38
Boone County,IN,18,18011,40
Clinton County,IN,18,18023,3
Huntington County,IN,18,18069,17
LaGrange County,IN,18,18087,4
Saint Joseph County,IN,18,18141,77
White County,IN,18,18181,5
Cass County,IN,18,18017,6
Wabash County,IN,18,18169,14
Grant County,IN,18,18053,25
Miami County,IN,18,18103,4
Delaware County,IN,18,18035,33
Hamilton County,IN,18,18057,181
Howard County,IN,18,18067,17
Madison County,IN,18,18095,43
Tipton County,IN,18,18159,9
LaPorte County,IN,18,18091,62
Pulaski County,IN,18,18131,2
Starke County,IN,18,18149,5
Fulton County,IN,18,18049,5
Marshall County,IN,18,18099,15
Porter County,IN,18,18127,75
Whitley County,IN,18,18183,4
Noble County,IN,18,18113,5
Elkhart County,IN,18,18039,81
Kosciusko County,IN,18,18085,33
Adams County,IN,18,18001,15
Wells County,IN,18,18179,12
Blackford County,IN,18,18009,11
Jay County,IN,18,18075,0
Randolph County,IN,18,18135,7
Allen County,IN,18,18003,73
DeKalb County,IN,18,18033,10
Steuben County,IN,18,18151,5
Woodbury County,IA,19,19193,36
Harrison County,IA,19,19085,0
Fremont County,IA,19,19071,0
Mills County,IA,19,19129,0
O'Brien County,IA,19,19141,0
Palo Alto County,IA,19,19147,0
Clay County,IA,19,19041,0
Plymouth County,IA,19,19149,3
Cherokee County,IA,19,19035,0
Ida County,IA,19,19093,0
Sioux County,IA,19,19167,0
Page County,IA,19,19145,0
Adams County,IA,19,19003,0
Ringgold County,IA,19,19159,0
Taylor County,IA,19,19173,0
Clarke County,IA,19,19039,0
Decatur County,IA,19,19053,0
Hancock County,IA,19,19081,0
Wright County,IA,19,19197,0
Pottawattamie County,IA,19,19155,6
Montgomery County,IA,19,19137,0
Audubon County,IA,19,19009,0
Cass County,IA,19,19029,0
Shelby County,IA,19,19165,0
Dallas County,IA,19,19049,53
Union County,IA,19,19175,0
Adair County,IA,19,19001,0
Guthrie County,IA,19,19077,0
Madison County,IA,19,19121,3
Monona County,IA,19,19133,0
Crawford County,IA,19,19047,0
Calhoun County,IA,19,19025,0
Sac County,IA,19,19161,0
Carroll County,IA,19,19027,0
Boone County,IA,19,19015,1
Webster County,IA,19,19187,0
Greene County,IA,19,19073,0
Hamilton County,IA,19,19079,0
Buena Vista County,IA,19,19021,19
Pocahontas County,IA,19,19151,0
Humboldt County,IA,19,19091,0
Kossuth County,IA,19,19109,0
Van Buren County,IA,19,19177,0
Lee County,IA,19,19111,0
Des Moines County,IA,19,19057,9
Appanoose County,IA,19,19007,3
Davis County,IA,19,19051,0
Lucas County,IA,19,19117,0
Wapello County,IA,19,19179,4
Wayne County,IA,19,19185,0
Louisa County,IA,19,19115,0
Muscatine County,IA,19,19139,0
Scott County,IA,19,19163,9
Black Hawk County,IA,19,19013,2
Buchanan County,IA,19,19019,0
Cerro Gordo County,IA,19,19033,6
Delaware County,IA,19,19055,0
Franklin County,IA,19,19069,0
Linn County,IA,19,19113,73
Jasper County,IA,19,19099,2
Polk County,IA,19,19153,139
Marion County,IA,19,19125,5
Warren County,IA,19,19181,16
Monroe County,IA,19,19135,0
Iowa County,IA,19,19095,0
Keokuk County,IA,19,19107,0
Mahaska County,IA,19,19123,0
Poweshiek County,IA,19,19157,0
Henry County,IA,19,19087,0
Jefferson County,IA,19,19101,0
Johnson County,IA,19,19103,45
Washington County,IA,19,19183,2
Story County,IA,19,19169,33
Marshall County,IA,19,19127,31
Hardin County,IA,19,19083,0
Benton County,IA,19,19011,0
Grundy County,IA,19,19075,0
Tama County,IA,19,19171,0
Bremer County,IA,19,19017,0
Butler County,IA,19,19023,0
Chickasaw County,IA,19,19037,0
Floyd County,IA,19,19067,0
Howard County,IA,19,19089,0
Mitchell County,IA,19,19131,0
Dubuque County,IA,19,19061,34
Cedar County,IA,19,19031,0
Clinton County,IA,19,19045,6
Jackson County,IA,19,19097,0
Jones County,IA,19,19105,0
Allamakee County,IA,19,19005,1
Clayton County,IA,19,19043,2
Winneshiek County,IA,19,19191,0
Fayette County,IA,19,19065,8
Lyon County,IA,19,19119,0
Osceola County,IA,19,19143,0
Dickinson County,IA,19,19059,0
Emmet County,IA,19,19063,0
Winnebago County,IA,19,19189,0
Worth County,IA,19,19195,0
Decatur County,KS,20,20039,2
Kearny County,KS,20,20093,0
Wichita County,KS,20,20203,0
Wallace County,KS,20,20199,1
Gray County,KS,20,20069,0
Rawlins County,KS,20,20153,0
Logan County,KS,20,20109,0
Lane County,KS,20,20101,0
Sherman County,KS,20,20181,0
Cheyenne County,KS,20,20023,0
Finney County,KS,20,20055,0
Sheridan County,KS,20,20179,3
Gove County,KS,20,20063,1
Seward County,KS,20,20175,6
Stevens County,KS,20,20189,2
Morton County,KS,20,20129,0
Stanton County,KS,20,20187,0
Grant County,KS,20,20067,7
Hamilton County,KS,20,20075,0
Haskell County,KS,20,20081,1
Greeley County,KS,20,20071,0
Scott County,KS,20,20171,0
Thomas County,KS,20,20193,5
McPherson County,KS,20,20113,5
Harper County,KS,20,20077,0
Ellis County,KS,20,20051,0
Smith County,KS,20,20183,0
Clay County,KS,20,20027,0
Phillips County,KS,20,20147,0
Hodgeman County,KS,20,20083,0
Meade County,KS,20,20119,0
Rice County,KS,20,20159,0
Stafford County,KS,20,20185,4
Norton County,KS,20,20137,1
Republic County,KS,20,20157,0
Barton County,KS,20,20009,7
Dickinson County,KS,20,20041,6
Osborne County,KS,20,20141,0
Pawnee County,KS,20,20145,1
Washington County,KS,20,20201,0
Clark County,KS,20,20025,0
Ness County,KS,20,20135,0
Barber County,KS,20,20007,1
Trego County,KS,20,20195,0
Marion County,KS,20,20115,0
Comanche County,KS,20,20033,0
Jewell County,KS,20,20089,0
Graham County,KS,20,20065,0
Russell County,KS,20,20167,0
Sumner County,KS,20,20191,7
Lincoln County,KS,20,20105,0
Ottawa County,KS,20,20143,0
Ford County,KS,20,20057,7
Edwards County,KS,20,20047,0
Pratt County,KS,20,20151,2
Kiowa County,KS,20,20097,1
Reno County,KS,20,20155,5
Kingman County,KS,20,20095,3
Harvey County,KS,20,20079,5
Sedgwick County,KS,20,20173,254
Rush County,KS,20,20165,0
Rooks County,KS,20,20163,0
Ellsworth County,KS,20,20053,2
Saline County,KS,20,20169,36
Mitchell County,KS,20,20123,0
Cloud County,KS,20,20029,1
Linn County,KS,20,20107,0
Brown County,KS,20,20013,1
Bourbon County,KS,20,20011,6
Elk County,KS,20,20049,1
Anderson County,KS,20,20003,0
Chautauqua County,KS,20,20019,4
Wabaunsee County,KS,20,20197,4
Cowley County,KS,20,20035,5
Greenwood County,KS,20,20073,0
Douglas County,KS,20,20045,22
Coffey County,KS,20,20031,1
Lyon County,KS,20,20111,0
Geary County,KS,20,20061,26
Pottawatomie County,KS,20,20149,8
Labette County,KS,20,20099,5
Crawford County,KS,20,20037,44
Woodson County,KS,20,20207,0
Montgomery County,KS,20,20125,12
Marshall County,KS,20,20117,0
Chase County,KS,20,20017,3
Butler County,KS,20,20015,19
Wilson County,KS,20,20205,1
Cherokee County,KS,20,20021,8
Allen County,KS,20,20001,5
Neosho County,KS,20,20133,13
Morris County,KS,20,20127,0
Shawnee County,KS,20,20177,112
Osage County,KS,20,20139,1
Riley County,KS,20,20161,8
Jackson County,KS,20,20085,0
Nemaha County,KS,20,20131,0
Miami County,KS,20,20121,0
Leavenworth County,KS,20,20103,21
Johnson County,KS,20,20091,358
Franklin County,KS,20,20059,4
Wyandotte County,KS,20,20209,137
Atchison County,KS,20,20005,1
Doniphan County,KS,20,20043,3
Jefferson County,KS,20,20087,3
Hickman County,KY,21,21105,0
Graves County,KY,21,21083,1
Fulton County,KY,21,21075,0
Calloway County,KY,21,21035,4
Crittenden County,KY,21,21055,0
Daviess County,KY,21,21059,20
McCracken County,KY,21,21145,31
Trigg County,KY,21,21221,0
Ballard County,KY,21,21007,1
Carlisle County,KY,21,21039,0
Livingston County,KY,21,21139,0
Caldwell County,KY,21,21033,0
Lyon County,KY,21,21143,0
Marshall County,KY,21,21157,0
Christian County,KY,21,21047,22
Hopkins County,KY,21,21107,0
Muhlenberg County,KY,21,21177,2
Todd County,KY,21,21219,0
Union County,KY,21,21225,1
Henderson County,KY,21,21101,10
McLean County,KY,21,21149,0
Webster County,KY,21,21233,0
Butler County,KY,21,21031,0
Edmonson County,KY,21,21061,0
Grayson County,KY,21,21085,2
Logan County,KY,21,21141,6
Simpson County,KY,21,21213,0
Warren County,KY,21,21227,14
Allen County,KY,21,21003,6
Bell County,KY,21,21013,0
Fleming County,KY,21,21069,1
Garrard County,KY,21,21079,1
Knox County,KY,21,21121,0
McCreary County,KY,21,21147,0
Ohio County,KY,21,21183,0
Taylor County,KY,21,21217,7
Barren County,KY,21,21009,16
Cumberland County,KY,21,21057,0
Green County,KY,21,21087,0
Hart County,KY,21,21099,0
Metcalfe County,KY,21,21169,0
Monroe County,KY,21,21171,1
Hancock County,KY,21,21091,0
Breckinridge County,KY,21,21027,1
Meade County,KY,21,21163,0
Bullitt County,KY,21,21029,21
Hardin County,KY,21,21093,54
Jefferson County,KY,21,21111,335
Larue County,KY,21,21123,0
Nelson County,KY,21,21179,14
Adair County,KY,21,21001,0
Casey County,KY,21,21045,0
Clinton County,KY,21,21053,0
Lincoln County,KY,21,21137,3
Pulaski County,KY,21,21199,0
Russell County,KY,21,21207,0
Wayne County,KY,21,21231,0
Clay County,KY,21,21051,0
Jackson County,KY,21,21109,0
Laurel County,KY,21,21125,2
Owsley County,KY,21,21189,0
Rockcastle County,KY,21,21203,0
Whitley County,KY,21,21235,0
Shelby County,KY,21,21211,20
Spencer County,KY,21,21215,1
Boyle County,KY,21,21021,6
Franklin County,KY,21,21073,14
Anderson County,KY,21,21005,3
Marion County,KY,21,21155,0
Mercer County,KY,21,21167,0
Scott County,KY,21,21209,8
Washington County,KY,21,21229,0
Woodford County,KY,21,21239,11
Fayette County,KY,21,21067,129
Bourbon County,KY,21,21017,6
Clark County,KY,21,21049,11
Estill County,KY,21,21065,0
Jessamine County,KY,21,21113,16
Lee County,KY,21,21129,0
Madison County,KY,21,21151,13
Montgomery County,KY,21,21173,5
Bath County,KY,21,21011,0
Powell County,KY,21,21197,0
Oldham County,KY,21,21185,9
Boone County,KY,21,21015,23
Carroll County,KY,21,21041,1
Gallatin County,KY,21,21077,0
Trimble County,KY,21,21223,0
Henry County,KY,21,21103,4
Owen County,KY,21,21187,0
Grant County,KY,21,21081,0
Kenton County,KY,21,21117,17
Campbell County,KY,21,21037,9
Pendleton County,KY,21,21191,0
Bracken County,KY,21,21023,0
Harrison County,KY,21,21097,1
Mason County,KY,21,21161,2
Nicholas County,KY,21,21181,0
Robertson County,KY,21,21201,0
Harlan County,KY,21,21095,0
Knott County,KY,21,21119,0
Leslie County,KY,21,21131,0
Letcher County,KY,21,21133,0
Perry County,KY,21,21193,0
Breathitt County,KY,21,21025,0
Carter County,KY,21,21043,0
Pike County,KY,21,21195,0
Floyd County,KY,21,21071,0
Elliott County,KY,21,21063,0
Magoffin County,KY,21,21153,1
Menifee County,KY,21,21165,0
Morgan County,KY,21,21175,0
Rowan County,KY,21,21205,6
Wolfe County,KY,21,21237,0
Johnson County,KY,21,21115,2
Lawrence County,KY,21,21127,0
Martin County,KY,21,21159,0
Greenup County,KY,21,21089,17
Lewis County,KY,21,21135,0
Boyd County,KY,21,21019,17
Lafourche Parish,LA,22,22057,26
Iberia Parish,LA,22,22045,15
Saint Martin Parish,LA,22,22099,4
Cameron Parish,LA,22,22023,0
Vermilion Parish,LA,22,22113,2
St. Mary Parish,LA,22,22101,11
Assumption Parish,LA,22,22007,1
Terrebonne Parish,LA,22,22109,32
Plaquemines Parish,LA,22,22075,0
Saint Bernard Parish,LA,22,22087,10
Jefferson Parish,LA,22,22051,191
St. Charles Parish,LA,22,22089,22
Caddo Parish,LA,22,22017,30
DeSoto Parish,LA,22,22031,9
Beauregard Parish,LA,22,22011,2
Calcasieu Parish,LA,22,22019,39
Union Parish,LA,22,22111,0
Bossier Parish,LA,22,22015,92
Livingston Parish,LA,22,22063,31
St. John the Baptist Parish,LA,22,22095,16
St. Landry Parish,LA,22,22097,1
Allen Parish,LA,22,22003,0
Bienville Parish,LA,22,22013,1
Catahoula Parish,LA,22,22025,0
Grant Parish,LA,22,22043,0
Jackson Parish,LA,22,22049,0
Jefferson Davis Parish,LA,22,22053,0
LaSalle Parish,LA,22,22059,0
Madison Parish,LA,22,22065,0
Natchitoches Parish,LA,22,22069,0
Tensas Parish,LA,22,22107,0
Vernon Parish,LA,22,22115,6
Evangeline Parish,LA,22,22039,0
Lafayette Parish,LA,22,22055,109
Acadia Parish,LA,22,22001,1
Sabine Parish,LA,22,22085,1
Avoyelles Parish,LA,22,22009,0
Rapides Parish,LA,22,22079,9
Iberville Parish,LA,22,22047,1
West Baton Rouge Parish,LA,22,22121,7
Pointe Coupee Parish,LA,22,22077,3
Ascension Parish,LA,22,22005,11
East Baton Rouge Parish,LA,22,22033,192
St. James Parish,LA,22,22093,2
West Feliciana Parish,LA,22,22125,1
Concordia Parish,LA,22,22029,0
East Feliciana Parish,LA,22,22037,10
Saint Helena Parish,LA,22,22091,0
Red River Parish,LA,22,22081,0
Caldwell Parish,LA,22,22021,7
Ouachita Parish,LA,22,22073,17
Winn Parish,LA,22,22127,0
Claiborne Parish,LA,22,22027,0
Webster Parish,LA,22,22119,3
Lincoln Parish,LA,22,22061,22
Franklin Parish,LA,22,22041,1
Richland Parish,LA,22,22083,4
Morehouse Parish,LA,22,22067,0
East Carroll Parish,LA,22,22035,0
West Carroll Parish,LA,22,22123,0
Orleans Parish,LA,22,22071,77
Tangipahoa Parish,LA,22,22105,30
St. Tammany Parish,LA,22,22103,76
Washington Parish,LA,22,22117,11
York County,ME,23,23031,8
Oxford County,ME,23,23017,0
Somerset County,ME,23,23025,0
Androscoggin County,ME,23,23001,17
Cumberland County,ME,23,23005,8
Franklin County,ME,23,23007,0
Lincoln County,ME,23,23015,0
Sagadahoc County,ME,23,23023,0
Aroostook County,ME,23,23003,0
Hancock County,ME,23,23009,1
Penobscot County,ME,23,23019,0
Piscataquis County,ME,23,23021,0
Washington County,ME,23,23029,0
Knox County,ME,23,23013,0
Kennebec County,ME,23,23011,2
Waldo County,ME,23,23027,0
Washington County,MD,24,24043,19
Charles County,MD,24,24017,4
Allegany County,MD,24,24001,2
Garrett County,MD,24,24023,0
Montgomery County,MD,24,24031,27
Carroll County,MD,24,24013,7
Howard County,MD,24,24027,14
Frederick County,MD,24,24021,49
Worcester County,MD,24,24047,7
Harford County,MD,24,24025,19
Dorchester County,MD,24,24019,0
Saint Mary's County,MD,24,24037,3
Somerset County,MD,24,24039,0
Talbot County,MD,24,24041,3
Queen Anne's County,MD,24,24035,1
Kent County,MD,24,24029,0
Anne Arundel County,MD,24,24003,176
Calvert County,MD,24,24009,11
Prince George's County,MD,24,24033,47
Wicomico County,MD,24,24045,33
Caroline County,MD,24,24011,2
Baltimore County,MD,24,24005,52
Baltimore,MD,24,24510,28
Cecil County,MD,24,24015,6
Hampden County,MA,25,25013,50
Franklin County,MA,25,25011,3
Bristol County,MA,25,25005,68
Barnstable County,MA,25,25001,12
Dukes County,MA,25,25007,0
Berkshire County,MA,25,25003,2
Hampshire County,MA,25,25015,6
Worcester County,MA,25,25027,62
Middlesex County,MA,25,25017,187
Norfolk County,MA,25,25021,119
Plymouth County,MA,25,25023,33
Suffolk County,MA,25,25025,37
Essex County,MA,25,25009,56
Nantucket,MA,25,25019,0
Berrien County,MI,26,26021,39
Cass County,MI,26,26027,9
Saint Joseph County,MI,26,26149,9
Kalamazoo County,MI,26,26077,106
Van Buren County,MI,26,26159,7
Muskegon County,MI,26,26121,54
Allegan County,MI,26,26005,13
Kent County,MI,26,26081,169
Ottawa County,MI,26,26139,60
Branch County,MI,26,26023,4
Hillsdale County,MI,26,26059,0
Calhoun County,MI,26,26025,33
Washtenaw County,MI,26,26161,34
Jackson County,MI,26,26075,58
Lenawee County,MI,26,26091,20
Clinton County,MI,26,26037,0
Eaton County,MI,26,26045,23
Barry County,MI,26,26015,7
Gratiot County,MI,26,26057,0
Ionia County,MI,26,26067,0
Montcalm County,MI,26,26117,0
Genesee County,MI,26,26049,221
Livingston County,MI,26,26093,23
Shiawassee County,MI,26,26155,0
Saginaw County,MI,26,26145,53
Ingham County,MI,26,26065,76
Wayne County,MI,26,26163,1059
Monroe County,MI,26,26115,31
Oakland County,MI,26,26125,469
Macomb County,MI,26,26099,209
Lapeer County,MI,26,26087,3
Sanilac County,MI,26,26151,0
Saint Clair County,MI,26,26147,46
Gogebic County,MI,26,26053,1
Iron County,MI,26,26071,0
Marquette County,MI,26,26103,3
Ontonagon County,MI,26,26131,0
Delta County,MI,26,26041,0
Houghton County,MI,26,26061,0
Dickinson County,MI,26,26043,3
Menominee County,MI,26,26109,0
Baraga County,MI,26,26013,0
Keweenaw County,MI,26,26083,0
Mason County,MI,26,26105,3
Oceana County,MI,26,26127,2
Alger County,MI,26,26003,0
Chippewa County,MI,26,26033,0
Luce County,MI,26,26095,0
Mackinac County,MI,26,26097,0
Schoolcraft County,MI,26,26153,0
Charlevoix County,MI,26,26029,0
Lake County,MI,26,26085,0
Newaygo County,MI,26,26123,0
Osceola County,MI,26,26133,0
Grand Traverse County,MI,26,26055,29
Leelanau County,MI,26,26089,0
Benzie County,MI,26,26019,0
Manistee County,MI,26,26101,3
Wexford County,MI,26,26165,0
Clare County,MI,26,26035,0
Isabella County,MI,26,26073,0
Mecosta County,MI,26,26107,2
Bay County,MI,26,26017,1
Arenac County,MI,26,26011,0
Gladwin County,MI,26,26051,0
Midland County,MI,26,26111,2
Antrim County,MI,26,26009,3
Kalkaska County,MI,26,26079,0
Missaukee County,MI,26,26113,0
Crawford County,MI,26,26039,0
Otsego County,MI,26,26137,0
Roscommon County,MI,26,26143,0
Iosco County,MI,26,26069,0
Alcona County,MI,26,26001,0
Alpena County,MI,26,26007,0
Montmorency County,MI,26,26119,0
Ogemaw County,MI,26,26129,0
Oscoda County,MI,26,26135,0
Cheboygan County,MI,26,26031,0
Emmet County,MI,26,26047,3
Presque Isle County,MI,26,26141,0
Tuscola County,MI,26,26157,0
Huron County,MI,26,26063,0
Wilkin County,MN,27,27167,0
Otter Tail County,MN,27,27111,0
Pope County,MN,27,27121,0
Stevens County,MN,27,27149,0
Chippewa County,MN,27,27023,1
Lyon County,MN,27,27083,0
Cottonwood County,MN,27,27033,0
Murray County,MN,27,27101,0
Watonwan County,MN,27,27165,0
Cass County,MN,27,27021,1
Wadena County,MN,27,27159,0
Pipestone County,MN,27,27117,0
Rock County,MN,27,27133,0
Nobles County,MN,27,27105,0
Lincoln County,MN,27,27081,0
Yellow Medicine County,MN,27,27173,1
Lac qui Parle County,MN,27,27073,0
Jackson County,MN,27,27063,0
Martin County,MN,27,27091,0
Faribault County,MN,27,27043,0
Blue Earth County,MN,27,27013,5
Kandiyohi County,MN,27,27067,5
Renville County,MN,27,27129,0
Brown County,MN,27,27015,0
Redwood County,MN,27,27127,0
Meeker County,MN,27,27093,0
Carver County,MN,27,27019,4
McLeod County,MN,27,27085,0
Nicollet County,MN,27,27103,0
Sibley County,MN,27,27143,0
Le Sueur County,MN,27,27079,2
Big Stone County,MN,27,27011,0
Traverse County,MN,27,27155,0
Swift County,MN,27,27151,0
Douglas County,MN,27,27041,9
Grant County,MN,27,27051,0
Stearns County,MN,27,27145,6
Sherburne County,MN,27,27141,24
Benton County,MN,27,27009,1
Wright County,MN,27,27171,2
Todd County,MN,27,27153,0
Morrison County,MN,27,27097,0
Crow Wing County,MN,27,27035,4
Clay County,MN,27,27027,8
Kittson County,MN,27,27069,0
Marshall County,MN,27,27089,0
Norman County,MN,27,27107,0
Pennington County,MN,27,27113,0
Polk County,MN,27,27119,0
Beltrami County,MN,27,27007,7
Clearwater County,MN,27,27029,0
Hubbard County,MN,27,27057,1
Itasca County,MN,27,27061,4
Koochiching County,MN,27,27071,0
Lake of the Woods County,MN,27,27077,0
Mahnomen County,MN,27,27087,1
Roseau County,MN,27,27135,0
Becker County,MN,27,27005,8
Red Lake County,MN,27,27125,0
Freeborn County,MN,27,27047,0
Waseca County,MN,27,27161,0
Steele County,MN,27,27147,12
Pine County,MN,27,27115,7
Thunder Bay District,MN,NA,NA,0
Fillmore County,MN,27,27045,0
Mower County,MN,27,27099,0
Dodge County,MN,27,27039,0
Olmsted County,MN,27,27109,3
Dakota County,MN,27,27037,58
Hennepin County,MN,27,27053,430
Ramsey County,MN,27,27123,62
Rice County,MN,27,27131,10
Scott County,MN,27,27139,33
Goodhue County,MN,27,27049,1
Washington County,MN,27,27163,56
Wabasha County,MN,27,27157,2
Houston County,MN,27,27055,0
Winona County,MN,27,27169,6
Mille Lacs County,MN,27,27095,6
Anoka County,MN,27,27003,119
Chisago County,MN,27,27025,23
Isanti County,MN,27,27059,0
Kanabec County,MN,27,27065,0
Aitkin County,MN,27,27001,0
Carlton County,MN,27,27017,0
Cook County,MN,27,27031,0
Lake County,MN,27,27075,0
Saint Louis County,MN,27,27137,17
Washington County,MS,28,28151,2
Lincoln County,MS,28,28085,0
Warren County,MS,28,28149,1
Yazoo County,MS,28,28163,0
Adams County,MS,28,28001,0
Wilkinson County,MS,28,28157,0
Amite County,MS,28,28005,0
Franklin County,MS,28,28037,0
Claiborne County,MS,28,28021,0
Copiah County,MS,28,28029,0
Hinds County,MS,28,28049,30
Jefferson County,MS,28,28063,0
Humphreys County,MS,28,28053,0
Issaquena County,MS,28,28055,0
Sharkey County,MS,28,28125,0
Pearl River County,MS,28,28109,0
Jefferson Davis County,MS,28,28065,0
Wayne County,MS,28,28153,0
Attala County,MS,28,28007,0
Winston County,MS,28,28159,0
Hancock County,MS,28,28045,15
Harrison County,MS,28,28047,21
Lawrence County,MS,28,28077,0
Marion County,MS,28,28091,0
Pike County,MS,28,28113,0
Walthall County,MS,28,28147,0
Forrest County,MS,28,28035,6
Lamar County,MS,28,28073,5
Perry County,MS,28,28111,0
Stone County,MS,28,28131,2
Covington County,MS,28,28031,0
Jones County,MS,28,28067,0
Jackson County,MS,28,28059,4
George County,MS,28,28039,1
Greene County,MS,28,28041,0
Rankin County,MS,28,28121,5
Scott County,MS,28,28123,0
Simpson County,MS,28,28127,0
Jasper County,MS,28,28061,0
Newton County,MS,28,28101,0
Smith County,MS,28,28129,0
Holmes County,MS,28,28051,0
Madison County,MS,28,28089,47
Choctaw County,MS,28,28019,0
Leake County,MS,28,28079,0
Neshoba County,MS,28,28099,0
Clarke County,MS,28,28023,0
Lauderdale County,MS,28,28075,7
Kemper County,MS,28,28069,0
Noxubee County,MS,28,28103,0
Coahoma County,MS,28,28027,0
Sunflower County,MS,28,28133,0
Bolivar County,MS,28,28011,0
Carroll County,MS,28,28015,0
Grenada County,MS,28,28043,0
Leflore County,MS,28,28083,0
Montgomery County,MS,28,28097,0
Yalobusha County,MS,28,28161,0
Tallahatchie County,MS,28,28135,0
Calhoun County,MS,28,28013,0
Chickasaw County,MS,28,28017,0
Clay County,MS,28,28025,0
Oktibbeha County,MS,28,28105,4
Webster County,MS,28,28155,0
DeSoto County,MS,28,28033,75
Tunica County,MS,28,28143,2
Panola County,MS,28,28107,0
Quitman County,MS,28,28119,0
Tate County,MS,28,28137,2
Benton County,MS,28,28009,0
Marshall County,MS,28,28093,0
Tippah County,MS,28,28139,0
Lafayette County,MS,28,28071,4
Pontotoc County,MS,28,28115,3
Union County,MS,28,28145,1
Lowndes County,MS,28,28087,4
Monroe County,MS,28,28095,0
Alcorn County,MS,28,28003,0
Itawamba County,MS,28,28057,0
Lee County,MS,28,28081,18
Prentiss County,MS,28,28117,0
Tishomingo County,MS,28,28141,0
Barry County,MO,29,29009,3
McDonald County,MO,29,29119,2
Platte County,MO,29,29165,22
Jasper County,MO,29,29097,18
Holt County,MO,29,29087,0
Ray County,MO,29,29177,7
Dade County,MO,29,29057,0
Bates County,MO,29,29013,1
St. Clair County,MO,29,29185,0
Johnson County,MO,29,29101,12
Lafayette County,MO,29,29107,10
Lawrence County,MO,29,29109,2
Newton County,MO,29,29145,16
Barton County,MO,29,29011,0
Cedar County,MO,29,29039,0
Vernon County,MO,29,29217,0
Henry County,MO,29,29083,7
Jackson County,MO,29,29095,256
Cass County,MO,29,29037,31
Buchanan County,MO,29,29021,30
Andrew County,MO,29,29003,0
DeKalb County,MO,29,29063,0
Daviess County,MO,29,29061,0
Clinton County,MO,29,29049,0
Clay County,MO,29,29047,80
Caldwell County,MO,29,29025,0
Atchison County,MO,29,29005,1
Nodaway County,MO,29,29147,0
Gentry County,MO,29,29075,0
Worth County,MO,29,29227,0
Harrison County,MO,29,29081,1
Ozark County,MO,29,29153,0
Oregon County,MO,29,29149,0
Stone County,MO,29,29209,7
Butler County,MO,29,29023,4
Taney County,MO,29,29213,15
Howell County,MO,29,29091,3
Ripley County,MO,29,29181,0
Dunklin County,MO,29,29069,2
New Madrid County,MO,29,29143,2
Pemiscot County,MO,29,29155,2
Christian County,MO,29,29043,28
Maries County,MO,29,29125,0
Monroe County,MO,29,29137,1
Macon County,MO,29,29121,0
Miller County,MO,29,29131,5
Callaway County,MO,29,29027,13
Saline County,MO,29,29195,1
Iron County,MO,29,29093,1
Pulaski County,MO,29,29169,4
Howard County,MO,29,29089,0
Shelby County,MO,29,29205,0
Wright County,MO,29,29229,0
Saint Francois County,MO,29,29187,33
Benton County,MO,29,29015,1
Audrain County,MO,29,29007,2
Crawford County,MO,29,29055,0
Linn County,MO,29,29115,1
Dallas County,MO,29,29059,0
Gasconade County,MO,29,29073,1
Livingston County,MO,29,29117,3
Greene County,MO,29,29077,59
Marion County,MO,29,29127,21
Douglas County,MO,29,29067,0
Webster County,MO,29,29225,0
Hickory County,MO,29,29085,0
Polk County,MO,29,29167,0
Laclede County,MO,29,29105,10
Camden County,MO,29,29029,6
Texas County,MO,29,29215,2
Shannon County,MO,29,29203,0
Carter County,MO,29,29035,1
Wayne County,MO,29,29223,2
Reynolds County,MO,29,29179,0
Dent County,MO,29,29065,0
Phelps County,MO,29,29161,8
Jefferson County,MO,29,29099,78
Washington County,MO,29,29221,3
Pettis County,MO,29,29159,18
Moniteau County,MO,29,29135,1
Cooper County,MO,29,29053,1
Boone County,MO,29,29019,75
Morgan County,MO,29,29141,2
Cole County,MO,29,29051,26
Carroll County,MO,29,29033,1
Chariton County,MO,29,29041,0
Randolph County,MO,29,29175,2
Osage County,MO,29,29151,1
Montgomery County,MO,29,29139,2
Franklin County,MO,29,29071,14
Saint Louis County,MO,29,29189,277
Lincoln County,MO,29,29113,1
Warren County,MO,29,29219,0
Saint Charles County,MO,29,29183,321
Ralls County,MO,29,29173,3
Pike County,MO,29,29163,4
Bollinger County,MO,29,29017,0
Stoddard County,MO,29,29207,0
Scott County,MO,29,29201,6
Cape Girardeau County,MO,29,29031,39
Madison County,MO,29,29123,1
Mississippi County,MO,29,29133,1
Perry County,MO,29,29157,0
Ste. Genevieve County,MO,29,29186,5
Saint Louis,MO,29,29510,115
Mercer County,MO,29,29129,1
Grundy County,MO,29,29079,0
Putnam County,MO,29,29171,0
Sullivan County,MO,29,29211,0
Knox County,MO,29,29103,0
Scotland County,MO,29,29199,0
Schuyler County,MO,29,29197,0
Adair County,MO,29,29001,0
Lewis County,MO,29,29111,3
Clark County,MO,29,29045,1
Ravalli County,MT,30,30081,0
Mineral County,MT,30,30061,0
Flathead County,MT,30,30029,4
Lincoln County,MT,30,30053,0
Lake County,MT,30,30047,0
Missoula County,MT,30,30063,10
Sanders County,MT,30,30089,0
Deer Lodge County,MT,30,30023,0
Beaverhead County,MT,30,30001,0
Park County,MT,30,30067,0
Gallatin County,MT,30,30031,4
Broadwater County,MT,30,30007,0
Jefferson County,MT,30,30043,0
Lewis and Clark County,MT,30,30049,2
Madison County,MT,30,30057,0
Meagher County,MT,30,30059,0
Powell County,MT,30,30077,0
Silver Bow County,MT,30,30093,0
Granite County,MT,30,30039,0
Big Horn County,MT,30,30003,0
Sweet Grass County,MT,30,30097,0
Stillwater County,MT,30,30095,0
Carbon County,MT,30,30009,0
Golden Valley County,MT,30,30037,0
Musselshell County,MT,30,30065,0
Rosebud County,MT,30,30087,0
Wheatland County,MT,30,30107,0
Yellowstone County,MT,30,30111,4
Treasure County,MT,30,30103,0
Glacier County,MT,30,30035,0
Cascade County,MT,30,30013,1
Chouteau County,MT,30,30015,0
Hill County,MT,30,30041,0
Judith Basin County,MT,30,30045,0
Liberty County,MT,30,30051,0
Pondera County,MT,30,30073,0
Teton County,MT,30,30099,0
Toole County,MT,30,30101,0
Blaine County,MT,30,30005,0
Fergus County,MT,30,30027,0
Garfield County,MT,30,30033,0
Petroleum County,MT,30,30069,0
Phillips County,MT,30,30071,0
Valley County,MT,30,30105,0
Carter County,MT,30,30011,0
Fallon County,MT,30,30025,0
Custer County,MT,30,30017,0
Powder River County,MT,30,30075,0
Prairie County,MT,30,30079,0
Richland County,MT,30,30083,0
Roosevelt County,MT,30,30085,0
Sheridan County,MT,30,30091,0
Daniels County,MT,30,30019,0
Dawson County,MT,30,30021,0
McCone County,MT,30,30055,0
Wibaux County,MT,30,30109,0
Kimball County,NE,31,31105,0
Banner County,NE,31,31007,1
Scotts Bluff County,NE,31,31157,4
Sioux County,NE,31,31165,0
Perkins County,NE,31,31135,6
Dundy County,NE,31,31057,0
McPherson County,NE,31,31117,0
Cherry County,NE,31,31031,0
Dawes County,NE,31,31045,2
Red Willow County,NE,31,31145,2
Sheridan County,NE,31,31161,1
Arthur County,NE,31,31005,0
Keith County,NE,31,31101,2
Morrill County,NE,31,31123,1
Box Butte County,NE,31,31013,0
Grant County,NE,31,31075,0
Logan County,NE,31,31113,4
Lincoln County,NE,31,31111,25
Garden County,NE,31,31069,0
Cheyenne County,NE,31,31033,0
Deuel County,NE,31,31049,0
Chase County,NE,31,31029,0
Frontier County,NE,31,31063,0
Hitchcock County,NE,31,31087,0
Hayes County,NE,31,31085,0
Wakpamni District,NE,NA,NA,0
Thomas County,NE,31,31171,0
Hooker County,NE,31,31091,0
Gosper County,NE,31,31073,2
Stanton County,NE,31,31167,0
Pierce County,NE,31,31139,0
Garfield County,NE,31,31071,0
Nuckolls County,NE,31,31129,0
Valley County,NE,31,31175,2
Butler County,NE,31,31023,0
Blaine County,NE,31,31009,0
Jefferson County,NE,31,31095,0
Franklin County,NE,31,31061,0
Knox County,NE,31,31107,0
Sherman County,NE,31,31163,0
Seward County,NE,31,31159,0
Antelope County,NE,31,31003,2
York County,NE,31,31185,0
Brown County,NE,31,31017,0
Keya Paha County,NE,31,31103,0
Dawson County,NE,31,31047,22
Rock County,NE,31,31149,0
Boone County,NE,31,31011,0
Hamilton County,NE,31,31081,0
Holt County,NE,31,31089,0
Buffalo County,NE,31,31019,9
Furnas County,NE,31,31065,0
Boyd County,NE,31,31015,0
Platte County,NE,31,31141,0
Greeley County,NE,31,31077,0
Hall County,NE,31,31079,4
Custer County,NE,31,31041,0
Phelps County,NE,31,31137,2
Harlan County,NE,31,31083,4
Kearney County,NE,31,31099,0
Webster County,NE,31,31181,0
Clay County,NE,31,31035,0
Adams County,NE,31,31001,0
Thayer County,NE,31,31169,0
Fillmore County,NE,31,31059,0
Saline County,NE,31,31151,0
Nance County,NE,31,31125,0
Merrick County,NE,31,31121,0
Howard County,NE,31,31093,0
Polk County,NE,31,31143,0
Loup County,NE,31,31115,0
Wheeler County,NE,31,31183,0
Madison County,NE,31,31119,1
Wayne County,NE,31,31179,0
Cedar County,NE,31,31027,0
Lancaster County,NE,31,31109,5
Dodge County,NE,31,31053,1
Gage County,NE,31,31067,0
Pawnee County,NE,31,31133,0
Richardson County,NE,31,31147,0
Otoe County,NE,31,31131,0
Nemaha County,NE,31,31127,0
Johnson County,NE,31,31097,4
Saunders County,NE,31,31155,0
Douglas County,NE,31,31055,42
Colfax County,NE,31,31037,3
Sarpy County,NE,31,31153,39
Cass County,NE,31,31025,0
Washington County,NE,31,31177,0
Burt County,NE,31,31021,0
Dakota County,NE,31,31043,15
Dixon County,NE,31,31051,0
Thurston County,NE,31,31173,0
Cuming County,NE,31,31039,0
Churchill County,NV,32,32001,0
Nye County,NV,32,32023,0
Lander County,NV,32,32015,0
White Pine County,NV,32,32033,0
Clark County,NV,32,32003,394
Douglas County,NV,32,32005,8
Lyon County,NV,32,32019,3
Washoe County,NV,32,32031,98
Mineral County,NV,32,32021,4
Esmeralda County,NV,32,32009,0
Carson City,NV,32,32510,11
Storey County,NV,32,32029,3
Eureka County,NV,32,32011,0
Lincoln County,NV,32,32017,0
Humboldt County,NV,32,32013,0
Pershing County,NV,32,32027,0
Elko County,NV,32,32007,1
Cheshire County,NH,33,33005,0
Sullivan County,NH,33,33019,0
Rockingham County,NH,33,33015,23
Hillsborough County,NH,33,33011,12
Merrimack County,NH,33,33013,16
Strafford County,NH,33,33017,4
Grafton County,NH,33,33009,0
Belknap County,NH,33,33001,0
Carroll County,NH,33,33003,0
Coös County,NH,33,33007,0
Atlantic County,NJ,34,34001,46
Salem County,NJ,34,34033,0
Cape May County,NJ,34,34009,12
Camden County,NJ,34,34007,31
Burlington County,NJ,34,34005,31
Cumberland County,NJ,34,34011,9
Gloucester County,NJ,34,34015,69
Ocean County,NJ,34,34029,41
Mercer County,NJ,34,34021,27
Somerset County,NJ,34,34035,86
Hunterdon County,NJ,34,34019,34
Morris County,NJ,34,34027,16
Warren County,NJ,34,34041,8
Essex County,NJ,34,34013,13
Union County,NJ,34,34039,65
Middlesex County,NJ,34,34023,111
Monmouth County,NJ,34,34025,42
Hudson County,NJ,34,34017,35
Sussex County,NJ,34,34037,10
Bergen County,NJ,34,34003,26
Passaic County,NJ,34,34031,15
Grant County,NM,35,35017,0
Hidalgo County,NM,35,35023,2
Luna County,NM,35,35029,1
Sierra County,NM,35,35051,0
San Juan County,NM,35,35045,39
Sandoval County,NM,35,35043,29
Rio Arriba County,NM,35,35039,3
Catron County,NM,35,35003,0
Cibola County,NM,35,35006,0
McKinley County,NM,35,35031,0
Socorro County,NM,35,35053,0
Chaves County,NM,35,35005,4
Doña Ana County,NM,35,35013,75
Eddy County,NM,35,35015,12
Lincoln County,NM,35,35027,0
Otero County,NM,35,35035,40
Colfax County,NM,35,35007,3
Lea County,NM,35,35025,26
Taos County,NM,35,35055,8
San Miguel County,NM,35,35047,4
Mora County,NM,35,35033,2
De Baca County,NM,35,35011,0
Guadalupe County,NM,35,35019,15
Harding County,NM,35,35021,0
Quay County,NM,35,35037,1
Torrance County,NM,35,35057,0
Valencia County,NM,35,35061,14
Bernalillo County,NM,35,35001,290
Santa Fe County,NM,35,35049,13
Los Alamos County,NM,35,35028,0
Union County,NM,35,35059,0
Curry County,NM,35,35009,24
Roosevelt County,NM,35,35041,0
Niagara County,NY,36,36063,11
Orleans County,NY,36,36073,1
Chautauqua County,NY,36,36013,8
Wayne County,NY,36,36117,1
Cattaraugus County,NY,36,36009,1
Erie County,NY,36,36029,216
Allegany County,NY,36,36003,0
Steuben County,NY,36,36101,0
Genesee County,NY,36,36037,7
Livingston County,NY,36,36051,0
Wyoming County,NY,36,36121,0
Monroe County,NY,36,36055,16
Ontario County,NY,36,36069,21
Yates County,NY,36,36123,0
Hamilton County,NY,36,36041,0
Oswego County,NY,36,36075,2
Herkimer County,NY,36,36043,4
Orange County,NY,36,36071,114
Ulster County,NY,36,36111,3
Cayuga County,NY,36,36011,19
Kings County,NY,NA,36047,183
Queens County,NY,NA,36081,203
Richmond County,NY,NA,36085,51
New York County,NY,36,36061,209
Sullivan County,NY,36,36105,7
Dutchess County,NY,36,36027,105
Rockland County,NY,36,36087,60
Putnam County,NY,36,36079,20
Westchester County,NY,36,36119,167
Bronx County,NY,NA,36005,90
Chemung County,NY,36,36015,33
Schuyler County,NY,36,36097,0
Tioga County,NY,36,36107,0
Tompkins County,NY,36,36109,61
Broome County,NY,36,36007,57
Chenango County,NY,36,36017,5
Seneca County,NY,36,36099,10
Onondaga County,NY,36,36067,69
Madison County,NY,36,36053,1
Cortland County,NY,36,36023,5
Oneida County,NY,36,36065,21
Delaware County,NY,36,36025,2
Otsego County,NY,36,36077,0
Schoharie County,NY,36,36095,0
Columbia County,NY,36,36021,8
Greene County,NY,36,36039,1
Fulton County,NY,36,36035,0
Montgomery County,NY,36,36057,6
Albany County,NY,36,36001,81
Schenectady County,NY,36,36093,15
Saratoga County,NY,36,36091,12
Nassau County,NY,NA,36059,213
Suffolk County,NY,36,36103,122
Rensselaer County,NY,36,36083,26
Washington County,NY,36,36115,0
Franklin County,NY,36,36033,0
Saint Lawrence County,NY,36,36089,0
Jefferson County,NY,36,36045,0
Lewis County,NY,36,36049,0
Essex County,NY,36,36031,0
Warren County,NY,36,36113,0
Clinton County,NY,36,36019,3
Swain County,NC,37,37173,0
Cherokee County,NC,37,37039,2
Clay County,NC,37,37043,2
Graham County,NC,37,37075,0
Alleghany County,NC,37,37005,0
Ashe County,NC,37,37009,1
Buncombe County,NC,37,37021,65
Burke County,NC,37,37023,10
Haywood County,NC,37,37087,17
McDowell County,NC,37,37111,12
Rutherford County,NC,37,37161,18
Surry County,NC,37,37171,12
Union County,NC,37,37179,70
Jackson County,NC,37,37099,3
Macon County,NC,37,37113,9
Transylvania County,NC,37,37175,10
Henderson County,NC,37,37089,30
Polk County,NC,37,37149,15
Madison County,NC,37,37115,4
Mitchell County,NC,37,37121,8
Yancey County,NC,37,37199,5
Catawba County,NC,37,37035,32
Cleveland County,NC,37,37045,9
Gaston County,NC,37,37071,74
Lincoln County,NC,37,37109,30
Cabarrus County,NC,37,37025,26
Iredell County,NC,37,37097,91
Mecklenburg County,NC,37,37119,169
Rowan County,NC,37,37159,14
Avery County,NC,37,37011,7
Caldwell County,NC,37,37027,36
Watauga County,NC,37,37189,13
Wilkes County,NC,37,37193,17
Alexander County,NC,37,37003,2
Davie County,NC,37,37059,14
Yadkin County,NC,37,37197,0
Hertford County,NC,37,37091,0
Beaufort County,NC,37,37013,2
Brunswick County,NC,37,37019,10
Chatham County,NC,37,37037,11
Columbus County,NC,37,37047,6
Craven County,NC,37,37049,4
Davidson County,NC,37,37057,10
Wake County,NC,37,37183,177
Jones County,NC,37,37103,0
Martin County,NC,37,37117,0
Nash County,NC,37,37127,11
New Hanover County,NC,37,37129,32
Northampton County,NC,37,37131,0
Onslow County,NC,37,37133,8
Pender County,NC,37,37141,10
Person County,NC,37,37145,16
Pitt County,NC,37,37147,15
Randolph County,NC,37,37151,2
Richmond County,NC,37,37153,7
Robeson County,NC,37,37155,22
Stokes County,NC,37,37169,0
Warren County,NC,37,37185,0
Anson County,NC,37,37007,0
Scotland County,NC,37,37165,0
Bladen County,NC,37,37017,2
Duplin County,NC,37,37061,1
Sampson County,NC,37,37163,2
Montgomery County,NC,37,37123,0
Moore County,NC,37,37125,10
Stanly County,NC,37,37167,1
Cumberland County,NC,37,37051,16
Harnett County,NC,37,37085,27
Hoke County,NC,37,37093,4
Lee County,NC,37,37105,1
Forsyth County,NC,37,37067,12
Guilford County,NC,37,37081,34
Rockingham County,NC,37,37157,1
Alamance County,NC,37,37001,28
Caswell County,NC,37,37033,0
Durham County,NC,37,37063,53
Orange County,NC,37,37135,24
Johnston County,NC,37,37101,21
Wayne County,NC,37,37191,4
Wilson County,NC,37,37195,4
Greene County,NC,37,37079,1
Lenoir County,NC,37,37107,16
Franklin County,NC,37,37069,23
Granville County,NC,37,37077,23
Vance County,NC,37,37181,22
Bertie County,NC,37,37015,0
Edgecombe County,NC,37,37065,5
Halifax County,NC,37,37083,1
Hyde County,NC,37,37095,0
Camden County,NC,37,37029,0
Gates County,NC,37,37073,0
Carteret County,NC,37,37031,6
Pamlico County,NC,37,37137,0
Tyrrell County,NC,37,37177,0
Dare County,NC,37,37055,40
Perquimans County,NC,37,37143,0
Pasquotank County,NC,37,37139,0
Chowan County,NC,37,37041,4
Washington County,NC,37,37187,0
Currituck County,NC,37,37053,1
Chesapeake,NC,NA,51550,73
Golden Valley County,ND,38,38033,0
Slope County,ND,38,38087,0
Bowman County,ND,38,38011,0
Sioux County,ND,38,38085,0
Hettinger County,ND,38,38041,0
Morton County,ND,38,38059,0
Porcupine District,ND,NA,NA,0
Adams County,ND,38,38001,0
Grant County,ND,38,38037,0
Cannonball District,ND,NA,NA,0
Fort Yates District,ND,NA,NA,0
Kenel District,ND,NA,NA,0
McKenzie County,ND,38,38053,0
Divide County,ND,38,38023,0
Williams County,ND,38,38105,0
Billings County,ND,38,38007,0
Stark County,ND,38,38089,0
Dunn County,ND,38,38025,0
Burleigh County,ND,38,38015,6
McHenry County,ND,38,38049,0
McLean County,ND,38,38055,0
Mercer County,ND,38,38057,0
Mountrail County,ND,38,38061,0
Renville County,ND,38,38075,0
Sheridan County,ND,38,38083,0
Ward County,ND,38,38101,4
Oliver County,ND,38,38065,0
Burke County,ND,38,38013,0
Bottineau County,ND,38,38009,0
Dickey County,ND,38,38021,0
McIntosh County,ND,38,38051,0
LaMoure County,ND,38,38045,0
Logan County,ND,38,38047,0
Emmons County,ND,38,38029,0
Heipa District,ND,NA,NA,0
Sargent County,ND,38,38081,0
Ransom County,ND,38,38073,0
Richland County,ND,38,38077,0
Kidder County,ND,38,38043,0
Benson County,ND,38,38005,0
Cavalier County,ND,38,38019,0
Foster County,ND,38,38031,0
Nelson County,ND,38,38063,0
Pembina County,ND,38,38067,0
Pierce County,ND,38,38069,0
Ramsey County,ND,38,38071,0
Rolette County,ND,38,38079,0
Walsh County,ND,38,38099,0
Wells County,ND,38,38103,0
Stutsman County,ND,38,38093,0
Eddy County,ND,38,38027,0
Barnes County,ND,38,38003,0
Griggs County,ND,38,38039,0
Cass County,ND,38,38017,63
Steele County,ND,38,38091,0
Traill County,ND,38,38097,0
Grand Forks County,ND,38,38035,12
Towner County,ND,38,38095,0
Clark County,OH,39,39023,68
Preble County,OH,39,39135,8
Hamilton County,OH,39,39061,371
Clermont County,OH,39,39025,76
Brown County,OH,39,39015,2
Butler County,OH,39,39017,196
Warren County,OH,39,39165,125
Clinton County,OH,39,39027,8
Greene County,OH,39,39057,58
Montgomery County,OH,39,39113,218
Muskingum County,OH,39,39119,16
Belmont County,OH,39,39013,5
Pike County,OH,39,39131,0
Highland County,OH,39,39071,14
Adams County,OH,39,39001,0
Scioto County,OH,39,39145,2
Jackson County,OH,39,39079,0
Gallia County,OH,39,39053,11
Lawrence County,OH,39,39087,0
Meigs County,OH,39,39105,0
Franklin County,OH,39,39049,400
Madison County,OH,39,39097,20
Pickaway County,OH,39,39129,7
Ross County,OH,39,39141,16
Fayette County,OH,39,39047,3
Fairfield County,OH,39,39045,42
Perry County,OH,39,39127,4
Hocking County,OH,39,39073,8
Athens County,OH,39,39009,16
Vinton County,OH,39,39163,0
Guernsey County,OH,39,39059,1
Washington County,OH,39,39167,9
Noble County,OH,39,39121,0
Morgan County,OH,39,39115,0
Monroe County,OH,39,39111,0
Van Wert County,OH,39,39161,8
Darke County,OH,39,39037,11
Mercer County,OH,39,39107,7
Champaign County,OH,39,39021,4
Logan County,OH,39,39091,9
Auglaize County,OH,39,39011,21
Allen County,OH,39,39003,9
Shelby County,OH,39,39149,22
Miami County,OH,39,39109,40
Defiance County,OH,39,39039,3
Williams County,OH,39,39171,7
Paulding County,OH,39,39125,1
Henry County,OH,39,39069,1
Fulton County,OH,39,39051,1
Putnam County,OH,39,39137,0
Union County,OH,39,39159,28
Delaware County,OH,39,39041,90
Marion County,OH,39,39101,12
Hardin County,OH,39,39065,4
Wyandot County,OH,39,39175,6
Lorain County,OH,39,39093,113
Lake County,OH,39,39085,76
Cuyahoga County,OH,39,39035,542
Ashtabula County,OH,39,39007,4
Licking County,OH,39,39089,115
Morrow County,OH,39,39117,0
Knox County,OH,39,39083,12
Ashland County,OH,39,39005,20
Holmes County,OH,39,39075,10
Richland County,OH,39,39139,57
Ottawa County,OH,39,39123,13
Lucas County,OH,39,39095,227
Hancock County,OH,39,39063,4
Crawford County,OH,39,39033,0
Seneca County,OH,39,39147,1
Sandusky County,OH,39,39143,20
Wood County,OH,39,39173,35
Erie County,OH,39,39043,43
Huron County,OH,39,39077,6
Coshocton County,OH,39,39031,8
Stark County,OH,39,39151,48
Wayne County,OH,39,39169,11
Tuscarawas County,OH,39,39157,5
Harrison County,OH,39,39067,0
Carroll County,OH,39,39019,11
Columbiana County,OH,39,39029,3
Jefferson County,OH,39,39081,18
Geauga County,OH,39,39055,44
Portage County,OH,39,39133,23
Medina County,OH,39,39103,54
Summit County,OH,39,39153,290
Trumbull County,OH,39,39155,54
Mahoning County,OH,39,39099,78
Cimarron County,OK,40,40025,0
Beaver County,OK,40,40007,0
Texas County,OK,40,40139,0
Woods County,OK,40,40151,0
Blaine County,OK,40,40011,2
Canadian County,OK,40,40017,26
Custer County,OK,40,40039,0
Dewey County,OK,40,40043,0
Greer County,OK,40,40055,0
Jackson County,OK,40,40065,0
Kingfisher County,OK,40,40073,0
Kiowa County,OK,40,40075,0
Love County,OK,40,40085,4
Payne County,OK,40,40119,4
Roger Mills County,OK,40,40129,0
Woodward County,OK,40,40153,0
Harmon County,OK,40,40057,0
Tillman County,OK,40,40141,0
Jefferson County,OK,40,40067,0
Comanche County,OK,40,40031,20
Cotton County,OK,40,40033,0
Carter County,OK,40,40019,20
Garvin County,OK,40,40049,0
Grady County,OK,40,40051,0
Murray County,OK,40,40099,0
Stephens County,OK,40,40137,0
Beckham County,OK,40,40009,0
Washita County,OK,40,40149,0
Ellis County,OK,40,40045,0
Caddo County,OK,40,40015,0
Cleveland County,OK,40,40027,34
McClain County,OK,40,40087,5
Oklahoma County,OK,40,40109,257
Alfalfa County,OK,40,40003,0
Major County,OK,40,40093,0
Garfield County,OK,40,40047,1
Logan County,OK,40,40083,9
Noble County,OK,40,40103,0
Marshall County,OK,40,40095,0
LeFlore County,OK,40,40079,0
Adair County,OK,40,40001,0
Osage County,OK,40,40113,5
McCurtain County,OK,40,40089,1
Bryan County,OK,40,40013,0
Choctaw County,OK,40,40023,3
Creek County,OK,40,40037,16
Hughes County,OK,40,40063,0
Muskogee County,OK,40,40101,9
Pittsburg County,OK,40,40121,3
Pushmataha County,OK,40,40127,0
Wagoner County,OK,40,40145,6
Coal County,OK,40,40029,0
Johnston County,OK,40,40069,0
Pontotoc County,OK,40,40123,0
Atoka County,OK,40,40005,0
Latimer County,OK,40,40077,0
Lincoln County,OK,40,40081,3
Okfuskee County,OK,40,40107,0
Pottawatomie County,OK,40,40125,3
Seminole County,OK,40,40133,0
McIntosh County,OK,40,40091,5
Okmulgee County,OK,40,40111,21
Pawnee County,OK,40,40117,0
Washington County,OK,40,40147,12
Rogers County,OK,40,40131,18
Tulsa,OK,40,40143,280
Sequoyah County,OK,40,40135,0
Cherokee County,OK,40,40021,6
Haskell County,OK,40,40061,0
Delaware County,OK,40,40041,0
Mayes County,OK,40,40097,9
Harper County,OK,40,40059,0
Grant County,OK,40,40053,0
Kay County,OK,40,40071,0
Nowata County,OK,40,40105,0
Ottawa County,OK,40,40115,16
Craig County,OK,40,40035,0
Douglas County,OR,41,41019,44
Lake County,OR,41,41037,0
Curry County,OR,41,41015,0
Coos County,OR,41,41011,1
Jackson County,OR,41,41029,65
Josephine County,OR,41,41033,12
Klamath County,OR,41,41035,5
Harney County,OR,41,41025,0
Malheur County,OR,41,41045,0
Clatsop County,OR,41,41007,0
Lane County,OR,41,41039,84
Lincoln County,OR,41,41041,2
Sherman County,OR,41,41055,0
Benton County,OR,41,41003,0
Clackamas County,OR,41,41005,10
Crook County,OR,41,41013,0
Deschutes County,OR,41,41017,13
Jefferson County,OR,41,41031,0
Marion County,OR,41,41047,29
Multnomah County,OR,41,41051,55
Polk County,OR,41,41053,5
Tillamook County,OR,41,41057,0
Wasco County,OR,41,41065,0
Linn County,OR,41,41043,4
Columbia County,OR,41,41009,1
Washington County,OR,41,41067,22
Yamhill County,OR,41,41071,3
Hood River County,OR,41,41027,0
Baker County,OR,41,41001,0
Grant County,OR,41,41023,0
Morrow County,OR,41,41049,0
Umatilla County,OR,41,41059,0
Union County,OR,41,41061,0
Wallowa County,OR,41,41063,0
Wheeler County,OR,41,41069,0
Gilliam County,OR,41,41021,0
Fayette County,PA,42,42051,3
Greene County,PA,42,42059,0
Somerset County,PA,42,42111,0
Bedford County,PA,42,42009,0
Fulton County,PA,42,42057,0
Franklin County,PA,42,42055,10
Adams County,PA,42,42001,2
York County,PA,42,42133,9
Lancaster County,PA,42,42071,5
Chester County,PA,42,42029,40
Delaware County,PA,42,42045,159
Washington County,PA,42,42125,6
Allegheny County,PA,42,42003,127
Armstrong County,PA,42,42005,0
Beaver County,PA,42,42007,4
Butler County,PA,42,42019,8
Centre County,PA,42,42027,13
Clinton County,PA,42,42035,0
Elk County,PA,42,42047,0
McKean County,PA,NA,42083,0
Westmoreland County,PA,42,42129,9
Cambria County,PA,42,42021,0
Indiana County,PA,42,42063,0
Venango County,PA,42,42121,0
Crawford County,PA,42,42039,0
Mercer County,PA,42,42085,6
Clarion County,PA,42,42031,0
Lawrence County,PA,42,42073,15
Forest County,PA,42,42053,0
Jefferson County,PA,42,42065,0
Blair County,PA,42,42013,2
Huntingdon County,PA,42,42061,0
Mifflin County,PA,42,42087,2
Snyder County,PA,42,42109,2
Juniata County,PA,42,42067,0
Perry County,PA,42,42099,0
Cumberland County,PA,42,42041,6
Clearfield County,PA,42,42033,1
Cameron County,PA,42,42023,0
Potter County,PA,NA,42105,0
Union County,PA,42,42119,0
Lycoming County,PA,NA,NA,0
Erie County,PA,42,42049,7
Warren County,PA,NA,42123,0
Tioga County,PA,42,42117,0
Northumberland County,PA,42,42097,0
Dauphin County,PA,42,42043,12
Lebanon County,PA,42,42075,3
Schuylkill County,PA,42,42107,4
Berks County,PA,42,42011,9
Northampton County,PA,42,42095,23
Lehigh County,PA,42,42077,73
Montgomery County,PA,42,42091,61
Sullivan County,PA,NA,42113,0
Montour County,PA,42,42093,0
Columbia County,PA,42,42037,3
Luzerne County,PA,42,42079,48
Wyoming County,PA,42,42131,0
Lackawanna County,PA,42,42069,11
Wayne County,PA,42,42127,0
Carbon County,PA,NA,42025,12
Monroe County,PA,42,42089,0
Bucks County,PA,42,42017,11
Philadelphia County,PA,42,42101,16
Pike County,PA,42,42103,0
Bradford County,PA,NA,42015,1
Susquehanna County,PA,42,42115,0
Newport County,RI,44,44005,3
South County,RI,44,44009,10
Kent County,RI,44,44003,14
Providence County,RI,44,44007,139
Bristol County,RI,44,44001,0
Bamberg County,SC,45,45009,0
Beaufort County,SC,45,45013,29
Colleton County,SC,45,45029,14
Dorchester County,SC,45,45035,4
Hampton County,SC,45,45049,0
Jasper County,SC,45,45053,14
Barnwell County,SC,45,45011,0
Allendale County,SC,45,45005,0
Spartanburg County,SC,45,45083,31
Orangeburg County,SC,45,45075,4
Chesterfield County,SC,45,45025,21
Clarendon County,SC,45,45027,3
Fairfield County,SC,45,45039,3
Greenwood County,SC,45,45047,66
Richland County,SC,45,45079,39
Sumter County,SC,45,45085,47
York County,SC,45,45091,61
McCormick County,SC,45,45065,0
Oconee County,SC,45,45073,19
Pickens County,SC,45,45077,40
Greenville County,SC,45,45045,108
Laurens County,SC,45,45059,28
Anderson County,SC,45,45007,12
Abbeville County,SC,45,45001,4
Aiken County,SC,45,45003,6
Edgefield County,SC,45,45037,0
Lexington County,SC,45,45063,23
Saluda County,SC,45,45081,0
Calhoun County,SC,45,45017,6
Chester County,SC,45,45023,32
Newberry County,SC,45,45071,5
Union County,SC,45,45087,2
Kershaw County,SC,45,45055,13
Lancaster County,SC,45,45057,33
Cherokee County,SC,45,45021,1
Berkeley County,SC,45,45015,32
Georgetown County,SC,45,45043,14
Charleston County,SC,45,45019,81
Lee County,SC,45,45061,1
Florence County,SC,45,45041,46
Horry County,SC,45,45051,57
Marion County,SC,45,45067,3
Williamsburg County,SC,45,45089,0
Darlington County,SC,45,45031,7
Marlboro County,SC,45,45069,0
Dillon County,SC,45,45033,1
Fall River County,SD,46,46047,3
Oglala Lakota County,SD,46,46102,0
Bennett County,SD,46,46007,0
Antelope Segment,SD,NA,NA,0
Medicine Root District,SD,NA,NA,0
Lacreek District,SD,NA,NA,0
White Clay District,SD,NA,NA,0
Wakpamni District,SD,NA,NA,0
Wounded Knee District,SD,NA,NA,0
Porcupine District,SD,NA,NA,0
Pass Creek District,SD,NA,NA,0
Todd County,SD,46,46121,0
He Dog Segment,SD,NA,NA,0
Upper Cut Meat Segment,SD,NA,NA,0
Rosebud Segment,SD,NA,NA,0
Spring Creek Segment,SD,NA,NA,0
Grass Mountain Segment,SD,NA,NA,0
Saint Francis Segment,SD,NA,NA,0
Two Strike Segment,SD,NA,NA,0
Charles Mix County,SD,46,46023,0
Tripp County,SD,46,46123,0
Ideal Segment,SD,NA,NA,0
Okreek Segment,SD,NA,NA,0
Gregory County,SD,46,46053,0
Bull Creek Segment,SD,NA,NA,0
Milk's Camp Segment,SD,NA,NA,0
Bon Homme County,SD,46,46009,0
Douglas County,SD,46,46043,0
Yankton County,SD,46,46135,2
Hutchinson County,SD,46,46067,0
Turner County,SD,46,46125,0
Union County,SD,46,46127,0
Clay County,SD,46,46027,0
Lincoln County,SD,46,46083,3
Butte County,SD,46,46019,0
Custer County,SD,46,46033,0
Harding County,SD,46,46063,0
Pennington County,SD,46,46103,8
Lawrence County,SD,46,46081,0
Corson County,SD,46,46031,0
Dewey County,SD,46,46041,0
Meade County,SD,46,46093,0
Perkins County,SD,46,46105,0
Stanley County,SD,46,46117,0
Sully County,SD,46,46119,0
Ziebach County,SD,46,46137,0
District 1,SD,NA,NA,0
District 6,SD,NA,NA,0
District 4,SD,NA,NA,0
District 2,SD,NA,NA,0
Rock Creek District,SD,NA,NA,0
Wakpala District,SD,NA,NA,0
Haakon County,SD,46,46055,0
Jackson County,SD,46,46071,0
Eagle Nest District,SD,NA,NA,0
Jones County,SD,46,46075,0
Mellette County,SD,46,46095,0
Corn Creek Segment,SD,NA,NA,0
Swift Bear Segment,SD,NA,NA,0
Black Pipe Segment,SD,NA,NA,0
Horse Creek Segment,SD,NA,NA,0
Parmelee Segment,SD,NA,NA,0
Ring Thunder Segment,SD,NA,NA,0
Soldier Creek Segment,SD,NA,NA,0
District 3,SD,NA,NA,0
Little Eagle District,SD,NA,NA,0
District 5,SD,NA,NA,0
Bear Soldier District,SD,NA,NA,0
Kenel District,SD,NA,NA,0
Lyman County,SD,46,46085,0
Butte Creek Segment,SD,NA,NA,0
Enemy Swim District,SD,NA,NA,0
Brule County,SD,46,46015,1
Buffalo County,SD,46,46017,0
Fort Thompson District,SD,NA,NA,0
Crow Creek District,SD,NA,NA,0
Hughes County,SD,46,46065,0
Big Bend District,SD,NA,NA,0
Hand County,SD,46,46059,0
Hyde County,SD,46,46069,0
Aurora County,SD,46,46003,0
Davison County,SD,46,46035,0
Jerauld County,SD,46,46073,0
Sanborn County,SD,46,46111,0
Hanson County,SD,46,46061,0
Lake County,SD,46,46079,15
McCook County,SD,46,46087,0
Miner County,SD,46,46097,0
Beadle County,SD,46,46005,0
Spink County,SD,46,46115,0
Clark County,SD,46,46025,0
Codington County,SD,46,46029,0
Hamlin County,SD,46,46057,0
Kingsbury County,SD,46,46077,0
Campbell County,SD,46,46021,0
Potter County,SD,46,46107,0
Walworth County,SD,46,46129,0
Edmunds County,SD,46,46045,0
Faulk County,SD,46,46049,0
McPherson County,SD,46,46089,0
Brown County,SD,46,46013,0
Day County,SD,46,46037,0
Marshall County,SD,46,46091,0
Heipa District,SD,NA,NA,0
Buffalo Lake District,SD,NA,NA,0
Minnehaha County,SD,46,46099,23
Moody County,SD,46,46101,0
Brookings County,SD,46,46011,15
Deuel County,SD,46,46039,0
Grant County,SD,46,46051,0
Roberts County,SD,46,46109,1
Lake Traverse District,SD,NA,NA,0
Old Agency District,SD,NA,NA,0
Big Coulee District,SD,NA,NA,1
Long Hollow District,SD,NA,NA,0
Maury County,TN,47,47119,6
Haywood County,TN,47,47075,0
Benton County,TN,47,47005,0
Decatur County,TN,47,47039,4
Henderson County,TN,47,47077,6
Hickman County,TN,47,47081,0
Lawrence County,TN,47,47099,0
Lauderdale County,TN,47,47097,0
Tipton County,TN,47,47167,16
Shelby County,TN,47,47157,351
Fayette County,TN,47,47047,26
Hardeman County,TN,47,47069,1
Madison County,TN,47,47113,12
Dyer County,TN,47,47045,3
Crockett County,TN,47,47033,0
Gibson County,TN,47,47053,8
Lake County,TN,47,47095,0
Obion County,TN,47,47131,14
Weakley County,TN,47,47183,0
Chester County,TN,47,47023,4
Hardin County,TN,47,47071,15
McNairy County,TN,47,47109,14
Perry County,TN,47,47135,5
Lewis County,TN,47,47101,0
Wayne County,TN,47,47181,3
Carroll County,TN,47,47017,0
Henry County,TN,47,47079,9
Cheatham County,TN,47,47021,10
Dickson County,TN,47,47043,17
Houston County,TN,47,47083,0
Humphreys County,TN,47,47085,2
Montgomery County,TN,47,47125,19
Stewart County,TN,47,47161,4
Claiborne County,TN,47,47025,1
Clay County,TN,47,47027,0
Macon County,TN,47,47111,1
Robertson County,TN,47,47147,7
Scott County,TN,47,47151,0
Bledsoe County,TN,47,47007,0
Blount County,TN,47,47009,43
Putnam County,TN,47,47141,26
Roane County,TN,47,47145,13
Rutherford County,TN,47,47149,96
Van Buren County,TN,47,47175,0
Bedford County,TN,47,47003,19
Giles County,TN,47,47055,4
Lincoln County,TN,47,47103,2
Marshall County,TN,47,47117,0
Moore County,TN,47,47127,0
Cannon County,TN,47,47015,2
Coffee County,TN,47,47031,8
Franklin County,TN,47,47051,1
Grundy County,TN,47,47061,0
Marion County,TN,47,47115,2
Sequatchie County,TN,47,47153,0
Warren County,TN,47,47177,3
Davidson County,TN,47,47037,82
Sumner County,TN,47,47165,56
Williamson County,TN,47,47187,26
Wilson County,TN,47,47189,67
DeKalb County,TN,47,47041,5
Jackson County,TN,47,47087,0
Smith County,TN,47,47159,0
Trousdale County,TN,47,47169,7
White County,TN,47,47185,3
Meigs County,TN,47,47121,2
Bradley County,TN,47,47011,5
Hamilton County,TN,47,47065,66
McMinn County,TN,47,47107,2
Polk County,TN,47,47139,0
Rhea County,TN,47,47143,14
Loudon County,TN,47,47105,11
Monroe County,TN,47,47123,18
Pickett County,TN,47,47137,0
Cumberland County,TN,47,47035,17
Fentress County,TN,47,47049,0
Morgan County,TN,47,47129,0
Overton County,TN,47,47133,0
Campbell County,TN,47,47013,3
Anderson County,TN,47,47001,21
Knox County,TN,47,47093,71
Union County,TN,47,47173,0
Carter County,TN,47,47019,25
Hancock County,TN,47,47067,0
Greene County,TN,47,47059,2
Sevier County,TN,47,47155,52
Hawkins County,TN,47,47073,1
Cocke County,TN,47,47029,4
Grainger County,TN,47,47057,3
Hamblen County,TN,47,47063,7
Jefferson County,TN,47,47089,14
Sullivan County,TN,47,47163,53
Unicoi County,TN,47,47171,4
Washington County,TN,47,47179,126
Johnson County,TN,47,47091,2
Presidio County,TX,48,48377,4
Brewster County,TX,48,48043,4
Terrell County,TX,48,48443,0
Val Verde County,TX,48,48465,6
Edwards County,TX,48,48137,0
Maverick County,TX,48,48323,6
Kinney County,TX,48,48271,0
Starr County,TX,48,48427,4
Cameron County,TX,48,48061,8
Willacy County,TX,48,48489,0
Hidalgo County,TX,48,48215,25
Medina County,TX,48,48325,3
Atascosa County,TX,48,48013,1
Kerr County,TX,48,48265,9
Webb County,TX,48,48479,83
Zapata County,TX,48,48505,5
Duval County,TX,48,48131,0
Kenedy County,TX,48,48261,2
Brooks County,TX,48,48047,2
Jim Wells County,TX,48,48249,0
Kleberg County,TX,48,48273,0
Refugio County,TX,48,48391,2
Bastrop County,TX,48,48021,39
Fayette County,TX,48,48149,1
La Salle County,TX,48,48283,0
Jim Hogg County,TX,48,48247,3
McMullen County,TX,48,48311,0
Live Oak County,TX,48,48297,0
Nueces County,TX,48,48355,12
San Patricio County,TX,48,48409,7
Dimmit County,TX,48,48127,2
Zavala County,TX,48,48507,0
Frio County,TX,48,48163,0
Uvalde County,TX,48,48463,5
Real County,TX,48,48385,0
Bandera County,TX,48,48019,8
Wilson County,TX,48,48493,13
Karnes County,TX,48,48255,1
Bee County,TX,48,48025,4
Goliad County,TX,48,48175,0
DeWitt County,TX,48,48123,7
Hays County,TX,48,48209,78
Comal County,TX,48,48091,38
Guadalupe County,TX,48,48187,79
Bexar County,TX,48,48029,304
Kendall County,TX,48,48259,18
Caldwell County,TX,48,48055,10
Gonzales County,TX,48,48177,2
Harris County,TX,48,48201,2566
Chambers County,TX,48,48071,32
Brazoria County,TX,48,48039,150
Waller County,TX,48,48473,10
Aransas County,TX,48,48007,12
Calhoun County,TX,48,48057,5
Austin County,TX,48,48015,12
Victoria County,TX,48,48469,14
Jackson County,TX,48,48239,0
Matagorda County,TX,48,48321,15
Lavaca County,TX,48,48285,17
Colorado County,TX,48,48089,2
Wharton County,TX,48,48481,16
Fort Bend County,TX,48,48157,419
Galveston County,TX,48,48167,171
Jefferson County,TX,48,48245,138
Hudspeth County,TX,48,48229,5
El Paso County,TX,48,48141,106
Culberson County,TX,48,48109,3
Jeff Davis County,TX,48,48243,0
Reeves County,TX,48,48389,2
Lynn County,TX,48,48305,0
Garza County,TX,48,48169,0
Kent County,TX,48,48263,0
Borden County,TX,48,48033,0
Scurry County,TX,48,48415,10
Andrews County,TX,48,48003,0
Howard County,TX,48,48227,0
Mitchell County,TX,48,48335,0
Nolan County,TX,48,48353,0
Ward County,TX,48,48475,5
Winkler County,TX,48,48495,11
Pecos County,TX,48,48371,2
Crane County,TX,48,48103,0
Crockett County,TX,48,48105,0
Upton County,TX,48,48461,5
Glasscock County,TX,48,48173,2
Reagan County,TX,48,48383,1
Tom Green County,TX,48,48451,8
Sutton County,TX,48,48435,0
Irion County,TX,48,48235,1
Schleicher County,TX,48,48413,0
Loving County,TX,48,48301,0
Ector County,TX,48,48135,37
Yoakum County,TX,48,48501,0
Terry County,TX,48,48445,0
Gaines County,TX,48,48165,0
Martin County,TX,48,48317,3
Midland County,TX,48,48329,92
Sterling County,TX,48,48431,2
Coke County,TX,48,48081,2
Dawson County,TX,48,48115,0
Dallam County,TX,48,48111,0
Hansford County,TX,48,48195,0
Ochiltree County,TX,48,48357,4
Hartley County,TX,48,48205,3
Moore County,TX,48,48341,4
Hutchinson County,TX,48,48233,2
Roberts County,TX,48,48393,0
Oldham County,TX,48,48359,2
Carson County,TX,48,48065,6
Gray County,TX,48,48179,9
Deaf Smith County,TX,48,48117,0
Randall County,TX,48,48381,38
Armstrong County,TX,48,48011,0
Donley County,TX,48,48129,4
Hall County,TX,48,48191,0
Floyd County,TX,48,48153,0
Motley County,TX,48,48345,0
Hockley County,TX,48,48219,0
Crosby County,TX,48,48107,0
Dickens County,TX,48,48125,0
Bailey County,TX,48,48017,0
Lamb County,TX,48,48279,0
Cochran County,TX,48,48079,0
Parmer County,TX,48,48369,0
Castro County,TX,48,48069,0
Hale County,TX,48,48189,3
Lubbock County,TX,48,48303,109
Swisher County,TX,48,48437,2
Briscoe County,TX,48,48045,0
Potter County,TX,48,48375,65
Sherman County,TX,48,48421,0
Travis County,TX,48,48453,254
Stonewall County,TX,48,48433,0
Kimble County,TX,48,48267,1
Concho County,TX,48,48095,1
Runnels County,TX,48,48399,0
Taylor County,TX,48,48441,6
Coleman County,TX,48,48083,0
Mason County,TX,48,48319,0
Gillespie County,TX,48,48171,2
Llano County,TX,48,48299,0
San Saba County,TX,48,48411,0
Brown County,TX,48,48049,2
Mills County,TX,48,48333,2
Burnet County,TX,48,48053,5
Wise County,TX,48,48497,10
Hamilton County,TX,48,48193,1
Coryell County,TX,48,48099,2
Bell County,TX,48,48027,111
Williamson County,TX,48,48491,144
Denton County,TX,48,48121,335
Johnson County,TX,48,48251,17
McLennan County,TX,48,48309,50
Milam County,TX,48,48331,0
Menard County,TX,48,48327,0
McCulloch County,TX,48,48307,2
Blanco County,TX,48,48031,0
Lee County,TX,48,48287,0
Lampasas County,TX,48,48281,3
Eastland County,TX,48,48133,0
Callahan County,TX,48,48059,0
Fisher County,TX,48,48151,0
Jones County,TX,48,48253,0
Haskell County,TX,48,48207,0
Shackelford County,TX,48,48417,0
Throckmorton County,TX,48,48447,0
Stephens County,TX,48,48429,0
Erath County,TX,48,48143,11
Comanche County,TX,48,48093,0
Hood County,TX,48,48221,30
Somervell County,TX,48,48425,0
Bosque County,TX,48,48035,1
Hill County,TX,48,48217,3
Young County,TX,48,48503,0
Jack County,TX,48,48237,2
Palo Pinto County,TX,48,48363,0
Parker County,TX,48,48367,14
Tarrant County,TX,48,48439,597
Burleson County,TX,48,48051,0
Washington County,TX,48,48477,4
Ellis County,TX,48,48139,49
Brazos County,TX,48,48041,27
Hunt County,TX,48,48231,26
Kaufman County,TX,48,48257,84
Henderson County,TX,48,48213,9
Freestone County,TX,48,48161,0
Hopkins County,TX,48,48223,25
Morris County,TX,48,48343,0
Cass County,TX,48,48067,1
Rusk County,TX,48,48401,5
Cherokee County,TX,48,48073,1
Anderson County,TX,48,48001,11
Houston County,TX,48,48225,2
Walker County,TX,48,48471,20
Polk County,TX,48,48373,7
Montgomery County,TX,48,48339,160
Grimes County,TX,48,48185,0
Falls County,TX,48,48145,10
Limestone County,TX,48,48293,3
Robertson County,TX,48,48395,0
Leon County,TX,48,48289,0
Madison County,TX,48,48313,0
Liberty County,TX,48,48291,5
San Jacinto County,TX,48,48407,0
Jasper County,TX,48,48241,2
Tyler County,TX,48,48457,0
Orange County,TX,48,48361,2
Hardin County,TX,48,48199,9
Nacogdoches County,TX,48,48347,5
Angelina County,TX,48,48005,20
Trinity County,TX,48,48455,6
Sabine County,TX,48,48403,0
San Augustine County,TX,48,48405,1
Navarro County,TX,48,48349,6
Collin County,TX,48,48085,370
Dallas County,TX,48,48113,700
Rockwall County,TX,48,48397,39
Rains County,TX,48,48379,7
Van Zandt County,TX,48,48467,4
Wood County,TX,48,48499,5
Smith County,TX,48,48423,32
Panola County,TX,48,48365,0
Shelby County,TX,48,48419,3
Franklin County,TX,48,48159,5
Titus County,TX,48,48449,3
Camp County,TX,48,48063,0
Upshur County,TX,48,48459,0
Gregg County,TX,48,48183,4
Marion County,TX,48,48315,0
Harrison County,TX,48,48203,6
King County,TX,48,48269,0
Knox County,TX,48,48275,0
Hemphill County,TX,48,48211,0
Collingsworth County,TX,48,48087,0
Cottle County,TX,48,48101,0
Foard County,TX,48,48155,0
Wilbarger County,TX,48,48487,0
Clay County,TX,48,48077,1
Cooke County,TX,48,48097,2
Baylor County,TX,48,48023,0
Childress County,TX,48,48075,0
Hardeman County,TX,48,48197,0
Wichita County,TX,48,48485,47
Archer County,TX,48,48009,0
Montague County,TX,48,48337,2
Wheeler County,TX,48,48483,0
Lipscomb County,TX,48,48295,5
Grayson County,TX,48,48181,17
Lamar County,TX,48,48277,27
Red River County,TX,48,48387,1
Fannin County,TX,48,48147,1
Delta County,TX,48,48119,0
Bowie County,TX,48,48037,18
Newton County,TX,48,48351,0
San Juan County,UT,49,49037,2
Uintah County,UT,49,49047,2
Wayne County,UT,49,49055,15
Beaver County,UT,49,49001,0
Carbon County,UT,49,49007,0
Duchesne County,UT,49,49013,0
Emery County,UT,49,49015,0
Garfield County,UT,49,49017,0
Iron County,UT,49,49021,29
Juab County,UT,49,49023,5
Kane County,UT,49,49025,0
Millard County,UT,49,49027,0
Piute County,UT,49,49031,0
Sanpete County,UT,49,49039,0
Sevier County,UT,49,49041,0
Utah County,UT,49,49049,119
Washington County,UT,49,49053,41
Grand County,UT,49,49019,3
Rich County,UT,49,49033,0
Summit County,UT,49,49043,21
Box Elder County,UT,49,49003,0
Cache County,UT,49,49005,5
Davis County,UT,49,49011,34
Tooele County,UT,49,49045,23
Wasatch County,UT,49,49051,10
Weber County,UT,49,49057,85
Salt Lake County,UT,49,49035,213
Morgan County,UT,49,49029,1
Daggett County,UT,49,49009,0
Bennington County,VT,50,50003,4
Windham County,VT,50,50025,0
Rutland County,VT,50,50021,0
Addison County,VT,50,50001,0
Windsor County,VT,50,50027,2
Washington County,VT,50,50023,0
Orange County,VT,50,50017,0
Grand Isle County,VT,50,50013,0
Franklin County,VT,50,50011,0
Chittenden County,VT,50,50007,3
Lamoille County,VT,50,50015,0
Orleans County,VT,50,50019,0
Caledonia County,VT,50,50005,0
Essex County,VT,50,50009,0
Lee County,VA,51,51105,1
Grayson County,VA,51,51077,1
Patrick County,VA,51,51141,0
Buchanan County,VA,51,51027,0
Dickenson County,VA,51,51051,0
Russell County,VA,51,51167,1
Scott County,VA,51,51169,3
Washington County,VA,51,51191,3
Wise County,VA,51,51195,8
Norton,VA,51,51720,0
Bristol,VA,NA,51520,2
Bland County,VA,51,51021,0
Smyth County,VA,51,51173,1
Tazewell County,VA,51,51185,5
Wythe County,VA,51,51197,9
Carroll County,VA,51,51035,11
Floyd County,VA,51,51063,2
Giles County,VA,51,51071,8
Montgomery County,VA,51,51121,35
Pulaski County,VA,51,51155,15
Galax,VA,NA,51640,5
Radford,VA,NA,51750,4
Bedford County,VA,51,51019,7
Craig County,VA,51,51045,0
Franklin County,VA,51,51067,18
Henry County,VA,51,51089,5
Pittsylvania County,VA,51,51143,2
Roanoke County,VA,51,51161,11
Fauquier County,VA,51,51061,11
Frederick County,VA,51,51069,4
Louisa County,VA,51,51109,0
Orange County,VA,51,51137,11
Botetourt County,VA,51,51023,5
Highland County,VA,51,51091,0
Southampton County,VA,51,51175,1
Martinsville,VA,NA,51690,5
Salem,VA,NA,51775,10
Roanoke,VA,NA,51770,19
Campbell County,VA,51,51031,7
Halifax County,VA,51,51083,3
Appomattox County,VA,51,51011,2
Charlotte County,VA,51,51037,0
Danville,VA,NA,51590,3
Lynchburg,VA,NA,51680,15
Alleghany County,VA,51,51005,0
Bath County,VA,51,51017,0
Covington,VA,NA,51580,0
Amherst County,VA,51,51009,6
Rockbridge County,VA,51,51163,1
Augusta County,VA,51,51015,3
Nelson County,VA,51,51125,2
Buena Vista,VA,NA,51530,0
Lexington,VA,NA,51678,0
Staunton,VA,51,51790,10
Waynesboro,VA,NA,51820,1
Amelia County,VA,51,51007,1
Brunswick County,VA,51,51025,0
Buckingham County,VA,51,51029,2
Cumberland County,VA,51,51049,3
Lunenburg County,VA,51,51111,5
Mecklenburg County,VA,51,51117,4
Nottoway County,VA,51,51135,0
Prince Edward County,VA,51,51147,3
Charles City County,VA,51,51036,1
Chesterfield County,VA,51,51041,97
Dinwiddie County,VA,51,51053,0
Greensville County,VA,51,51081,5
Prince George County,VA,51,51149,9
Sussex County,VA,51,51183,0
Emporia,VA,NA,51595,3
Petersburg,VA,NA,51730,5
Colonial Heights,VA,NA,51570,11
Hopewell,VA,NA,51670,18
Albemarle County,VA,51,51003,5
Fluvanna County,VA,51,51065,0
Goochland County,VA,51,51075,3
Greene County,VA,51,51079,4
Powhatan County,VA,51,51145,9
Charlottesville,VA,NA,51540,0
King George County,VA,51,51099,14
Spotsylvania County,VA,51,51177,9
Caroline County,VA,51,51033,1
Hanover County,VA,51,51085,7
King and Queen County,VA,51,51097,2
New Kent County,VA,51,51127,9
Henrico County,VA,51,51087,107
King William County,VA,51,51101,3
Richmond,VA,NA,51760,91
Rockingham County,VA,51,51165,24
Shenandoah County,VA,51,51171,27
Harrisonburg,VA,NA,51660,27
Clarke County,VA,51,51043,0
Warren County,VA,51,51187,10
Culpeper County,VA,51,51047,12
Madison County,VA,51,51113,5
Page County,VA,51,51139,12
Rappahannock County,VA,51,51157,3
Loudoun County,VA,51,51107,39
Fairfax County,VA,51,51059,185
Prince William County,VA,51,51153,47
Stafford County,VA,51,51179,10
Fredericksburg,VA,51,51630,12
Manassas Park,VA,NA,51685,4
Manassas,VA,NA,51683,2
Falls Church,VA,NA,51610,0
Fairfax,VA,NA,51600,30
Winchester,VA,NA,51840,0
Franklin,VA,NA,51620,2
Suffolk,VA,NA,51800,98
Chesapeake,VA,NA,51550,73
Gloucester County,VA,51,51073,9
Isle of Wight County,VA,51,51093,21
James City County,VA,51,51095,21
Mathews County,VA,51,51115,2
Surry County,VA,51,51181,1
Hampton,VA,NA,51650,134
Newport News,VA,NA,51700,108
Poquoson,VA,NA,51735,3
York County,VA,51,51199,26
Northampton County,VA,51,51131,30
Norfolk,VA,NA,51710,183
Portsmouth,VA,NA,51740,75
Williamsburg,VA,NA,51830,37
Virginia Beach,VA,NA,51810,46
Northumberland County,VA,51,51133,0
Essex County,VA,51,51057,0
Lancaster County,VA,51,51103,0
Middlesex County,VA,51,51119,0
Richmond County,VA,51,51159,0
Westmoreland County,VA,51,51193,3
Accomack County,VA,51,51001,27
Alexandria,VA,NA,51510,45
Arlington County,VA,51,51013,30
Pacific County,WA,53,53049,0
Klickitat County,WA,53,53039,0
Yakima County,WA,53,53077,177
Skamania County,WA,53,53059,6
Clark County,WA,53,53011,36
Cowlitz County,WA,53,53015,2
Lewis County,WA,53,53041,39
Wahkiakum County,WA,53,53069,0
Grays Harbor County,WA,53,53027,17
Jefferson County,WA,53,53031,2
Clallam County,WA,53,53009,5
Mason County,WA,53,53045,11
Okanogan County,WA,53,53047,0
Kittitas County,WA,53,53037,26
King County,WA,53,53033,373
Pierce County,WA,53,53053,159
Chelan County,WA,53,53007,27
Whatcom County,WA,53,53073,8
Skagit County,WA,53,53057,21
Snohomish County,WA,53,53061,238
Island County,WA,53,53029,4
Thurston County,WA,53,53067,55
Kitsap County,WA,53,53035,12
San Juan County,WA,53,53055,0
Asotin County,WA,53,53003,0
Whitman County,WA,53,53075,0
Walla Walla County,WA,53,53071,25
Benton County,WA,53,53005,35
Franklin County,WA,53,53021,27
Garfield County,WA,53,53023,0
Columbia County,WA,53,53013,0
Spokane County,WA,53,53063,126
Pend Oreille County,WA,53,53051,0
Stevens County,WA,53,53065,3
Ferry County,WA,53,53019,1
Lincoln County,WA,53,53043,3
Grant County,WA,53,53025,21
Adams County,WA,53,53001,10
Douglas County,WA,53,53017,12
Fayette County,WV,54,54019,2
Kanawha County,WV,54,54039,7
Lewis County,WV,54,54041,0
Mason County,WV,54,54053,0
Wirt County,WV,54,54105,0
Greenbrier County,WV,54,54025,0
McDowell County,WV,54,54047,0
Webster County,WV,54,54101,0
Mingo County,WV,54,54059,0
Wayne County,WV,54,54099,2
Lincoln County,WV,54,54043,0
Mercer County,WV,54,54055,1
Boone County,WV,54,54005,0
Logan County,WV,54,54045,3
Raleigh County,WV,54,54081,3
Wyoming County,WV,54,54109,0
Nicholas County,WV,54,54067,0
Monroe County,WV,54,54063,0
Summers County,WV,54,54089,0
Cabell County,WV,54,54011,1
Jackson County,WV,54,54035,0
Putnam County,WV,54,54079,0
Roane County,WV,54,54087,0
Braxton County,WV,54,54007,0
Calhoun County,WV,54,54013,0
Clay County,WV,54,54015,0
Gilmer County,WV,54,54021,0
Ritchie County,WV,54,54085,0
Pleasants County,WV,54,54073,0
Wood County,WV,54,54107,17
Marshall County,WV,54,54051,0
Harrison County,WV,54,54033,3
Wetzel County,WV,54,54103,0
Tyler County,WV,54,54095,0
Doddridge County,WV,54,54017,0
Hancock County,WV,54,54029,0
Ohio County,WV,54,54069,2
Brooke County,WV,54,54009,0
Hampshire County,WV,54,54027,0
Preston County,WV,54,54077,0
Hardy County,WV,54,54031,0
Pocahontas County,WV,54,54075,0
Barbour County,WV,54,54001,0
Tucker County,WV,54,54093,0
Randolph County,WV,54,54083,0
Upshur County,WV,54,54097,5
Grant County,WV,54,54023,0
Pendleton County,WV,54,54071,0
Marion County,WV,54,54049,11
Monongalia County,WV,54,54061,2
Taylor County,WV,54,54091,0
Mineral County,WV,54,54057,0
Berkeley County,WV,54,54003,3
Jefferson County,WV,54,54037,0
Morgan County,WV,54,54065,1
Crawford County,WI,55,55023,10
Grant County,WI,55,55043,13
Richland County,WI,55,55103,1
Dane County,WI,55,55025,91
Kenosha County,WI,55,55059,56
Ozaukee County,WI,55,55089,39
Racine County,WI,55,55101,41
Green County,WI,55,55045,0
Iowa County,WI,55,55049,4
Lafayette County,WI,55,55065,2
Sauk County,WI,55,55111,36
Dodge County,WI,55,55027,33
Jefferson County,WI,55,55055,13
Rock County,WI,55,55105,27
Waukesha County,WI,55,55133,131
Washington County,WI,55,55131,30
Walworth County,WI,55,55127,53
Milwaukee County,WI,55,55079,212
Sawyer County,WI,55,55113,8
Rusk County,WI,55,55107,0
Douglas County,WI,55,55031,0
Pierce County,WI,55,55093,6
Pepin County,WI,55,55091,0
Saint Croix County,WI,55,55109,37
Buffalo County,WI,55,55011,9
Trempealeau County,WI,55,55121,1
Monroe County,WI,55,55081,15
La Crosse County,WI,55,55063,33
Vernon County,WI,55,55123,2
Chippewa County,WI,55,55017,0
Dunn County,WI,55,55033,15
Eau Claire County,WI,55,55035,20
Clark County,WI,55,55019,2
Jackson County,WI,55,55053,3
Burnett County,WI,55,55013,3
Polk County,WI,55,55095,12
Washburn County,WI,55,55129,4
Barron County,WI,55,55005,21
Taylor County,WI,55,55119,0
Price County,WI,55,55099,4
Bayfield County,WI,55,55007,7
Ashland County,WI,55,55003,2
Adams County,WI,55,55001,4
Juneau County,WI,55,55057,4
Sheboygan County,WI,55,55117,21
Shawano County,WI,55,55115,13
Oneida County,WI,55,55085,7
Vilas County,WI,55,55125,9
Manitowoc County,WI,55,55071,37
Door County,WI,55,55029,10
Marinette County,WI,55,55075,8
Columbia County,WI,55,55021,23
Green Lake County,WI,55,55047,8
Waushara County,WI,55,55137,4
Marquette County,WI,55,55077,2
Marathon County,WI,55,55073,31
Portage County,WI,55,55097,28
Wood County,WI,55,55141,13
Waupaca County,WI,55,55135,25
Menominee County,WI,55,55078,1
Fond du Lac County,WI,55,55039,46
Winnebago County,WI,55,55139,75
Calumet County,WI,55,55015,18
Outagamie County,WI,55,55087,72
Brown County,WI,55,55009,81
Oconto County,WI,55,55083,0
Kewaunee County,WI,55,55061,0
Lincoln County,WI,55,55069,1
Forest County,WI,55,55041,2
Langlade County,WI,55,55067,6
Iron County,WI,55,55051,1
Florence County,WI,55,55037,1
Fremont County,WY,56,56013,0
Carbon County,WY,56,56007,0
Lincoln County,WY,56,56023,0
Uinta County,WY,56,56041,0
Natrona County,WY,56,56025,0
Sublette County,WY,56,56035,0
Sweetwater County,WY,56,56037,0
Park County,WY,56,56029,0
Teton County,WY,56,56039,26
Washakie County,WY,56,56043,0
Hot Springs County,WY,56,56017,0
Sheridan County,WY,56,56033,0
Big Horn County,WY,56,56003,0
Converse County,WY,56,56009,0
Platte County,WY,56,56031,0
Niobrara County,WY,56,56027,1
Albany County,WY,56,56001,0
Laramie County,WY,56,56021,24
Goshen County,WY,56,56015,0
Johnson County,WY,56,56019,0
Campbell County,WY,56,56005,0
Weston County,WY,56,56045,0
Crook County,WY,56,56011,0
